Rovi iD,GB ID
22023391,14749
4742394374,37718
1020105542,20933
1121828172,32178
871019,7096
881938,13642
480675,13689
17892128,613
469459,66
2334107,68
747218,13620
1739620,2445
1790203,159
18830383,166
18830442,165
2444634,1587
1672492,446
18829943,171
431050,173
2490723,1627
11947579,1695
917607,1707
506534,1720
426596,1725
1785402,205
2001298,206
412432,208
423675,1737
1833819,314
1103250,307
2001264,311
481387,1738
424456,1747
2329560,493
720561,1760
224883,1772
1104787,1778
446998,1782
2166931,310
2001310,1800
2167248,316
196495,1808
14034105,1881
2484036,201
12966115,1919
2103448,968
1835232,954
16892661,965
1438306,956
1835235,962
13305894,960
1673497,957
18040876,952
99775,1937
19113969,948
306786,1939
674114,994
167973,1948
1167670131,1949
253656,1950
2490563,959
379645,1958
223245,1969
224070,1970
596961,2002
129576,2039
2491249,971
17596655,971
19759378,2072
2230657,2074
321144,2084
1836155,57
1772812,67
19034491,63
16885228,59
13833539,60
2406698,366
2314067,368
13895742,371
13895738,372
997158950,2098
471861,2103
1836145,369
1106509,2111
129380,2112
1308634,2117
429900,2139
421657,2146
801296,2165
13892760,61
19234633,2168
284739,121
2177941,2220
1438700,2268
426286,2305
2490832,137
2170297,135
18846680,141
1835027,134
1561837,133
18815516,140
18815398,139
2333214,136
2491273,2329
2341335,385
18785636,390
9952498,384
726224840,16879
2231762,2468
17982749,2488
427152,6988
2165623,293
2478513,296
899215,2501
8240941,295
2120790,2553
3424702909,2600
2040884,2621
16888511,2622
18933945,2625
2154617,2626
14729213,2627
1609178,2629
13977514,2630
17495228,2632
2300286,2633
1863968,2634
1483774,2635
19729647,2638
2105279,2639
1987080,2643
1781169,2644
13610633,2658
2295377,2662
16882730,2664
12400185,2779
280906,10984
17616400,504
2195190,2932
2458275,2937
2444536,2948
18881277,2976
1880905,2977
19016957,505
14031120,498
67120373,2993
19955398,5903
1709816,5053
2105382,565
129162,5073
2498864,555
1053597501,21690
408466,1115
14773782,6959
1941630,6961
19958649,7197
19881032,7369
2247513,6963
8202313,7399
2337372,6965
2357228,617
12124014,6968
18982134,7391
16883916,5744
344456,7395
1855730,612
464847,6969
2430807,6971
2052128,6973
815073,6979
8257507,6981
14595823,614
1213625,6984
826394,1253
1316567,6985
1288712,4690
2151719,5067
9650028,6079
2482608,7000
18011414,7002
1853033,7003
9155646,5763
8969186,616
8969188,618
1632441,7008
18851501,621
9155614,622
794441,7015
1667909,6085
2151741,7017
2336802,7021
213546,7024
975128413,7025
11782302,7039
1967774,7043
319627,7056
253570,7058
2207248,7069
16886597,7076
403310,7081
18175463,7097
13356181,7116
811383,7119
9980308,7120
222560,7122
2446617,7129
1406911,7135
17717132,9331
18142219,9090
8979855,8454
2173167,8521
2242870,8523
18045939,8528
2488023,9421
1408028,9423
1687117,9424
19893665,8605
18001985,803
2366146,9266
16860733,804
2184344,9281
1886884,9291
1877213,9318
340684,10017
425163,332
18815354,967
18906934,10293
21718205,149
1332222,146
17118213,10319
17119555,10322
9709672,10416
2215255,10422
11982324,10434
1907279,10435
19955807,10468
406170,10500
9715695,10509
11962690,10515
19273426,10576
643601,10587
17016589,10715
563474124,10716
14418348,10724
19650936,10739
4764752917,11003
522107,11037
18815807,11193
425185,11358
19955053,11373
862691,11380
19210556,10317
1857896,6977
11892787,11420
18933991,10316
18892122,349
22543623,11562
18907020,11575
20038165,11590
22312600,11593
539957838,11620
556692165,11646
2450270,11672
67236056,11673
543825332,11690
22479903,11719
19680393,11828
556694020,11826
18915170,12463
18867637,12461
556692899,12491
66043970,12653
563307357,12764
67204864,12783
1346390,12850
556694021,12834
21575498,12858
18785960,13423
66330236,12880
13995424,12887
2291925,12897
556694277,12908
21751992,12907
556694220,12905
556694253,12902
1762662,12937
19218168,12982
66856195,12993
4803542443,13017
556694301,13092
556694444,13091
333627154,13133
17132096,13145
2177886,129
1204909,13186
542476032,13306
2280339,13314
781263,13328
12595521,13337
2432647,13316
309200564,13381
17654958,13387
18916161,10354
14778569,13424
1285653,13446
14718332,116
1932402,13479
442354,13511
859916902,13540
2496641,13541
17118012,13544
2201727,13548
1269054167,13560
1110834,13562
2057172,13563
2392900,13588
18152606,13589
67119585,13629
2340318,13646
2369243,13685
286362,13686
2224158,13705
556694697,13729
66763107,13015
3979921110,41688
21522264,13778
333627055,13825
1497374173,13829
2398110,13829
299309012,13834
556694581,13870
425684,10330
2366147,10728
16789113,11156
22275045,13675
18771605,13142
22437093,13929
19061887,13366
425669,13623
66763139,13936
66731373,14002
1062638605,14036
8376778,14282
1941804,14069
18178925,13137
21942685,14141
66911096,13889
1062663461,4787
556694755,14436
299933827,13821
2364263,128
1335651342,10347
22287919,12393
361418782,14461
66763168,13994
18884755,14550
556695322,14562
3462891322,14597
556695496,14597
21761027,14633
320275536,14652
1658620,14657
289933020,13877
364020075,14679
334718093,14754
342460992,14750
19643707,14747
279614,14977
383180761,15044
5108052809,14746
17118192,14746
66492528,14802
365263,15110
833276386,14675
661507039,15175
67173718,15126
128182,15193
2061207,10505
15094222,15211
659162208,15250
67023562,15262
447977907,15274
359499385,15235
272368,15313
327498328,15285
581633412,15335
322981450,14818
306982194,15376
371357783,15207
4658673445,15402
674390652,15402
16795062,15417
1256804,15423
537237533,15461
307000865,15475
658933633,15558
67347483,15559
21580609,15564
2285877,125
470026707,15563
657735238,15585
12109884,15617
518760977,15631
217185,15691
333925890,15709
545350771,15667
22520950,15769
571818029,15754
563552392,15713
434151567,15706
583106571,15845
506526183,15893
1315015131,15917
634349011,15806
1699911090,15969
373826930,15985
386465737,15984
22377249,15795
335034162,15998
457397312,16021
67129987,16087
19047397,16080
367621787,16063
11803690,16068
1681035,16157
708002598,16177
506272190,15696
331837486,16195
942931038,16207
66272447,16200
11933600,16237
545359971,16250
545199175,15801
545271034,16154
545277544,16292
661554177,16246
503292084,16320
945674413,16370
324969080,16512
313425501,16513
332381006,16533
304358168,16603
14693376,16620
673096,16482
545392195,15818
545386550,15820
919906586,15799
921082967,16793
22515389,16822
819105225,16854
1105787661,16173
722503276,16381
22378177,16870
940378796,16877
686433687,16921
66164898,16930
668926962,16886
1487956505,16998
421119,17144
21718205,18951
896191331,17215
830987723,17257
812761973,17273
998217876,17319
853376810,17315
585193620,17330
784095641,17221
306981668,17302
1817918,17102
721672768,17205
661123654,17331
12040367,17342
386562423,15880
1093724630,17391
630930640,17394
545383125,15819
560772269,17430
545241842,17441
1681028251,17451
679951018,17448
982813379,15673
708574459,17507
992267106,17502
66441197,17511
19262246,17534
689522875,17528
1234483969,17509
781675275,17531
806576751,17530
895807211,17748
993444536,15817
308459700,17991
700812471,18229
4741680631,18230
386149818,18031
19926338,18328
1055546552,18399
893648370,18321
1061293947,18432
895705225,18507
930178107,18477
880922326,18508
586882462,18584
1001100618,18588
1175349875,18607
902469503,18382
945831667,18669
500774877,15720
863835602,18715
1279939080,18750
364976,10508
813736320,18734
930203258,18775
331864353,16387
427871,18383
9955688,18836
885289534,18833
840112435,18845
447987379,18792
21719372,18961
512463271,16233
1002006301,18885
889300119,18887
1011892384,18948
545386475,19255
594025734,19281
9424375,19296
560561848,19310
545160526,18447
335291315,16763
476136169,14783
219794,19068
18233985,7098
67417314,15736
115191,17374
924742471,18985
22320252,19321
1035828782,19536
662401258,19542
546733009,18893
1145923157,14869
22502078,20146
1005722363,20145
21751388,20144
66121059,20143
322946895,20142
1028993700,20255
918723577,20287
1087074236,19537
873425479,20625
1334069900,20874
1147344042,20352
1123352864,20617
1316886556,21506
5449094895,21507
604180948,21605
939969754,19698
1024560147,18998
1046915435,18739
21512120,14787
1140631464,20685
1046914029,19647
66492462,21732
951700899,18707
18819496,10349
961678690,20702
709491414,21769
1144006062,21960
1398132278,22017
1059899283,20928
1055532722,18760
1161855126,21959
20037997,21903
863953578,22531
1196360109,22634
1191235455,22678
608067014,22756
1046915310,23278
470031424,20587
1294181921,24649
1355100566,23350
2323418,24871
1352212822,24807
1292097789,22674
12167468,25056
958608633,24986
1255584815,22454
430314,25169
17980836,25189
1538224269,25192
993204974,25216
947043960,25273
1416390951,26350
1167105320,26581
22007779,25662
313424332,26558
1167105323,27060
1130167099,26751
1221887023,25686
1087150723,23333
1273033076,25121
1209816482,26909
1681030680,28141
1681036442,28148
1046915122,27518
1352142797,19287
1433884664,27984
1406073269,28197
12030030,28252
211159,28079
1046914033,19186
1466861535,28356
622653394,19447
1274784408,27912
1053470645,28284
5233969182,28715
1331960368,24826
1653023635,28798
3559158732,28802
67347444,16217
1274767896,28829
1457538057,24828
1115985839,26521
11810425,29248
1053480823,20306
21702432,30105
1538366608,29227
301456007,14894
509982750,23240
1954497623,31629
1264047511,29223
4113851839,31705
1547451878,31715
1377141430,31920
1501789658,31919
1457027240,31956
1742832453,28922
726231478,22655
4113817273,32635
1523579086,32673
1373810517,29509
1544489031,31885
1046916124,32504
1237755841,29088
1219877239,21998
1288022200,33446
1460466111,31942
1482900873,28651
3289010670,33680
1830486866,33788
1150336527,26994
1803088475,33833
1440588702,33895
1519091656,33450
1443670102,33735
13765529,34030
1519092102,29151
1253941394,34145
1443729890,33736
1450853280,29152
1490453251,32681
819350096,34471
3398102571,34460
1866811435,34513
1130653065,32666
1241168692,29023
4224197994,33991
1227921989,32268
1300375604,32464
982844461,33402
1897645272,34885
1787000299,32463
332992690,35188
1362801579,35241
708589050,35276
1278881507,32273
1134660772,32465
1295299718,34656
3174144661,35634
1268351993,35110
2116246363,35576
1539825797,29022
3177567879,35329
4741680645,35688
4803542622,35714
1252380531,33794
1814439386,35534
3256942366,36158
1217600722,35633
1694831752,36159
2431674,36165
1777967566,35538
3924881442,36168
1930898229,36156
3930488167,36157
3499185912,36172
4058329730,36174
1980474406,36175
1274699452,36176
1980477126,36178
999412154,36185
3310599064,36188
3139935000,36119
1331830365,35107
1492470357,36129
3514956183,36130
1777967409,36131
410999,36133
1443255787,36137
19319981,36138
1230210906,36140
999187123,36142
870726543,36143
1800540937,36149
21922922,36027
1245055571,36070
643535822,26566
969804,36073
708589585,32533
970958416,36031
1098294082,36079
1654261386,36080
1771822620,36081
379854478,29183
1949895565,18046
4815293403,36090
1533555049,36091
687769896,22672
5219519959,36093
1702821005,36102
1681025486,16248
477897343,29454
1283276685,36035
990857177,36036
20008729,23723
1208841620,930
18858231,36048
689027896,36049
10004633,36038
1149163593,36052
1357094537,36053
3925010575,36055
1078239092,25147
1895627666,36059
1276980477,36023
1046915883,27673
1496598778,35914
1750046492,33760
1980460886,36383
1390843560,36449
3291925769,36450
4112155065,36548
3405874980,36544
3241627869,35934
1651918155,36435
1764795619,36599
1827370514,36659
1938078442,36658
1980490671,36662
1765984381,36652
3933214746,36655
1547435394,36650
1444863841,35483
3461760844,36737
1840542240,34474
3429808883,36780
1241256183,36804
4058330434,36805
3194573221,36512
4190776271,36827
3925525484,36982
4058485428,36983
4741680601,36964
1192624571,37020
1697694434,37200
3523539467,37075
3924978714,37335
14680799,16048
1096521825,37321
3383452025,37442
1782885282,36505
1545710565,29046
3498973057,37559
1298645207,37567
1239594063,37591
3533297580,37597
3543004475,37596
3933294692,37613
19088914,37632
1046827480,37651
1785716871,37645
3754435647,37650
423851,37680
1498354116,37760
1079851654,37770
560590137,37769
3452628450,37840
3631112965,37839
1029717220,37851
3469797965,37937
3971189647,37951
1416059865,37952
4052122181,38425
4678174185,38450
4001112552,38451
443788512,38455
1116221,38501
8736028,38500
4091991976,38599
1715614189,38600
1444680465,38589
3355787043,38594
18232281,38674
3210493100,38604
4028834002,38608
4092281388,38609
4160162431,38595
1253941533,38597
4840684986,38598
4082229589,37962
4840635395,37856
1861861837,38499
304368626,37801
3433818244,37630
4070712683,37569
1839188618,37356
4055697015,37357
1309733461,37332
1309748664,37325
1724280857,37324
3933267048,37223
1949456417,38765
4091990633,38766
3961866887,38774
3932993858,38840
3744907254,38525
3849604087,38852
4840635407,38945
869297086,38946
1356448460,38935
4137206528,23596
1114350,38957
11758224,25430
1308468530,38948
3288955804,37184
3288950948,37185
2017553091,38997
4190774365,39081
4160160368,39083
4160160574,39096
3463555643,39191
22165357,39192
1253941780,38592
448104987,24250
3278889156,39203
4091991234,39226
3256064430,35453
4738025751,39400
3651488388,39401
4565981289,39402
1897335097,39446
1198137490,39483
3668525443,39486
4741680561,39487
1690424745,39481
11826791,14672
4741680575,39508
4249418874,40522
4164615213,40275
4741680537,40753
4249554014,40756
1618210494,40843
12153918,40844
1498353896,40270
4274780274,40859
4043662167,40875
4133075384,40899
4588857059,40900
3949670395,40907
4565739625,40981
4190763599,40789
1980451371,41095
4306836221,41096
3256385806,41195
4741680587,41196
4741680543,41197
4840673919,41199
4741680547,41200
4006940222,41226
4169480050,41227
4336755686,41340
4340158265,41360
1644880701,41361
4888097814,41522
4741680571,41567
1949378721,41568
4888096215,41569
1444879668,41570
4360042978,41591
1454351599,41594
3498924924,41691
4759071413,41705
1943420531,41713
4840671268,41715
4442937878,41722
4741680593,41746
342102,41748
167951,41749
663597,18394
9166223,20975
599296679,41752
4741680549,41756
4746739284,41764
4738025741,41767
4738025757,41769
4821400783,41770
5034870664,41985
12084723,42270
1295191878,41317
1778253090,41795
4741680643,42443
2037721339,42520
4169480030,42553
1286612496,41148
4449627602,42567
4541735611,42615
4741680641,42653
4759008483,42657
4741680597,42661
3424620179,42547
4335445055,42822
3564593862,42824
2443346,42876
4741680615,42879
3986123996,24234
4741680653,42908
4307642015,42277
4269692862,42545
3152343476,42979
4708688126,42981
4678331207,43036
4572363182,43038
1598145,27057
2235912,25241
5034851769,43093
4738025761,43096
1980462675,43206
4587758335,43300
3616647636,43319
1694831686,39369
4591225601,43322
4741680609,43337
3930428798,17694
940206530,43362
4501418256,43403
4591713953,43406
4738025743,43409
1292950,43410
715202265,43420
1452672562,43422
4759223927,43423
4933462713,43424
1978014897,43426
4741680545,43480
1852593205,43516
4783813956,43517
2096051680,43518
4783809688,43520
4783819880,43521
4783816532,43522
4783813314,43523
1457498376,43589
11867761,39268
1690500481,39390
4815343155,43644
4821396978,43652
935568,43653
3651495475,43672
5233969152,43683
4888013913,43762
4492139637,43771
4940369975,43772
4758122014,43773
4888097745,43778
5034496796,43804
3662850316,43829
1514434533,43830
3373223909,43831
1298757051,43832
1297107313,43836
1454068913,43834
5034369424,43897
5092065754,43960
4591051654,43497
5034501355,44198
12005804,20016
5034690378,44200
3221521750,44201
1837511997,44202
5091423594,44210
5020279803,44212
5034825528,44214
5034862548,44217
3521542108,44220
1253949756,44221
5091492366,44213
5848122201,44224
4989602171,44235
3231345197,44264
626487370,44265
5139655752,44266
5183691288,44271
4358464283,43879
5128509682,44314
4000159028,43794
5128650510,44315
5007732655,44336
3598670117,44342
4137595300,44351
3376740691,44356
4026207913,44357
3986965836,44388
1279938939,19668
5128602327,44383
5128612829,44389
5140167673,44390
4844369734,44350
5007240092,44406
5383731944,44433
5377821200,44434
3615165978,44437
4148142774,44439
4112819386,44444
5155594570,44445
5233969174,44456
5233969158,44476
3521177381,44484
3146560727,44485
4976865408,44530
1715626297,44531
5233969198,44540
5233969202,44549
5197118291,44550
4102371681,44551
1279938783,44560
5233969168,44440
4867923211,44569
4016574907,39371
5233969208,44578
423440,12750
1167678358,19527
1069289886,41708
5421838930,44655
5233967742,44656
4137580665,44658
1618308562,44662
302338727,26229
5480477595,44660
4469917716,43496
5739821655,44552
672701,17118
1809883698,37118
551141452,16156
5480483017,44741
3477150845,44728
3452746074,44410
5246951850,44783
5261189255,44784
543829089,11678
1887488157,34607
1336366580,28314
480836,1790
919192,1788
5612246494,45281
717509,45282
1253941370,45286
5612235000,45288
1856833518,33990
1223924987,45291
5612256339,45293
5128619985,44780
5368269003,45342
1831147095,45499
4587727631,43494
4137615156,45500
4620879420,45525
5652635542,45524
3577178169,45522
5303743616,45548
5739601874,45537
3599146915,42440
1274742202,32614
4670387461,44559
19766558,12635
5039322241,43484
5226882229,45606
1855649,45669
4424553731,45782
4839848697,43689
1460764233,29066
841399567,16279
1450865546,29153
4833219966,43723
3569700416,37117
67048271,14554
1136001878,28164
3408598352,37864
2168798,950
18950272,300
819428,22516
545238693,15915
17503250,169
66762494,12991
548704327,17294
2490589,966
19079542,4477
429121,405
3999447081,36669
3391865718,38548
500671538,18323
1046915455,18725
425957,2105
21719080,10964
3575822374,38570
13895757,69
3444205634,38547
19150129,168
1520308324,28997
4563503305,43734
3162925257,36416
554104529,18981
4016715828,38949
3233144447,39080
1552033,970
423684,1739
424454,65
929010600,18920
66763055,13743
3424621495,39288
1309421,2310
1520308254,29007
1135992577,24913
545323707,16251
18858879,202
964114751,19204
2333102,963
1046913973,19591
302042284,13893
1058493101,19644
678766,220
4478154637,42905
1613869506,38728
2416651,161
2484112,207
19765651,10353
864102044,17301
1059913750,25124
444674,13402
426095,10568
1046915345,18719
424543,1663
66911118,12990
1389607597,37913
1330166525,34777
2334086,58
16888582,158
66762694,12979
1193096,955
495950,983
18906972,945
368515033,15055
423501,14646
1064496126,19203
796492,2979
2010690,294
3537275773,39010
1308574,1586
67008735,14751
1776385,5889
1547440054,36552
17537987,367
3543112159,37116
4181571026,44303
1520308398,28998
1046915120,19800
18166039,619
3543106783,37138
425494,1973
12515919,9270
1413438,298
1245706705,24544
4389554733,42714
508610,2109
425050,14673
3223872587,37347
3543094494,37125
676534,981
1795686198,37151
1549972,2113
2001270,306
17489293,200
1897528247,37435
1681011,501
66092757,15542
13742906,2681
423416,2344
423494,20147
67507801,13106
1046916158,28891
1308590,1759
546339786,15914
18830304,13144
1424739,10541
836153,1061
430596,1749
1163403567,22557
1344536711,37380
892366,14015
342771370,15586
425359,1598
1519091874,33297
16883679,18459
2199582,1046
1028425236,24859
901207,1965
9101122,10633
1103586,2663
1326212,4490
449303,12804
1450784427,33661
18056295,2683
648367881,24693
2497425,490
312574693,16806
10281688,6012
570878549,18723
1378307,5749
66345176,13712
1786096,2938
4708949969,43856
1017058069,29065
3380260199,36504
13953895,2975
1093638273,29020
1835227,1940
425414,2025
17543740,160
1258454,1650
4312431249,41349
1673581,13196
361732170,14702
18765804,2400
422944,18443
1529726,9330
2013788,491
66120223,12382
423411,1616
428154,13198
1950356,2936
3246213661,37891
3569684356,37137
454056,1789
755464,19547
1046915423,18736
3958178895,42857
428631,988
13965076,1942
1046915274,24520
1294494,5051
1672496,1608
1504637604,39086
1046915544,20305
423415,1780
3355575349,37121
19012601,13659
2373513,10035
451212,1966
3227268359,37163
1426362674,34666
9952276,2339
1859246111,35778
1517637865,36305
1352271299,23280
931231,1631
423612,1741
440115141,19214
2490743,1735
1146683,22523
1266341,1043
12133315,14070
1784269,2434
426172,1844
297353879,13176
19979399,10343
3447017149,36674
1517457357,34235
280168,11013
1520328422,29006
1752589,1938
2388383,1599
1103583,10556
1755876,1955
3157300991,35547
19629971,13006
2417315,3031
1536530394,35658
1700379,554
425358,1954
2169560,2100
1835054,2661
764769,1775
1309451,2320
756910,5015
1323527,1647
1067328030,19701
66762570,15505
1878857,1974
11920073,13697
425330,1059
423417,1953
2000674,450
1545700,620
1946200018,37488
423976,989
19706278,4473
423547,1648
1186263201,20942
1613836,1041
423844,16682
1702819,969
1352271327,24999
423970,2057
19678672,2524
11847821,162
425417,9444
703104,5972
228248,2018
727100,13178
1312023,9386
964912,15610
436769,1640
1055784551,20327
305674,15935
1327228,11128
1192690006,19441
1133601886,19449
1386471,1641
675293,1748
1233392303,24853
3288924559,41605
2490772,167
2000672,1588
1547470464,36853
1285008503,34046
1405124057,37560
2473645,492
8432609,297
1064496125,19198
1438313,1981
424646,986
1613846338,38732
2359595,2935
2004006,5694
1705499150,32218
423522,13187
19704743,558
11906493,170
452759,459
8139124,2934
18830549,172
4513968351,42596
496709,1924
425723,1961
1103247,2814
1952213963,33965
424996,15327
585245965,15608
19199212,2942
878911,13688
497516,1596
22537430,12860
1705498672,36236
291712,2653
1000646061,18988
3256915450,37149
723180,13189
2168034,1630
19917620,164
19113842,972
17829868,11451
1323511,1642
424765,22644
432222,984
364387414,15124
1053487330,34576
1728657590,37293
291108286,13746
484244,1661
358855026,15316
384301517,16470
1887731216,38914
443534,1697
1418323,2345
9485030,528
939510,2166
2198511,10439
855356196,18899
426087,323
4145445853,43993
434398,1796
1529514919,33041
644305502,16671
425350,1045
1418349,2342
1410308038,38555
533660481,15273
770326629,16675
756907,2504
1309725979,32509
661585788,15896
425357,1868
2335837,958
2435701,1743
1753793,1066
971335048,17335
3941888508,38005
233855,1606
423671,5004
21492230,18712
4579403407,44285
1680642,615
16889242,13713
657776794,16970
424522,2099
354268,13100
1808332,74
1986184,389
1534449,2640
21983077,11352
1702142,16070
1534414,142
430453,1784
1253497,2346
447974038,17737
263719,1703
424989,10578
2491549,386
2490775,185
1540972,412
1308637,2115
2152878,635
17094610,627
286313,1658
430935,2363
486430,1962
461222,12805
1450853146,42499
457411939,15457
3355569775,39277
1163311698,35932
67041642,14658
19121887,16868
423500,21891
18785859,391
129752,2037
288923,2436
512463269,15804
18821186,11116
14225399,7114
761310,2101
228769,411
327498014,15368
431076,1635
1315954918,23229
3358209684,37136
467675,10543
424776,10563
22443076,11453
4087499637,41852
1272687,593
129499,1977
18797532,451
1837250,1945
306075481,13130
503722,16343
114882,2987
3624522688,41588
1496959,2522
324723232,19318
1496494423,40824
19679934,14689
424460,2110
425332,10172
863977799,17222
1259548335,33040
4334413915,35779
13199611,944
361732171,15278
2119964768,28911
379219137,15426
9408049,6493
1527043832,30353
13903274,10255
423436,9262
3543026972,37150
551138114,16161
19180230,481
2026690227,36966
423691,1793
1123597025,22758
679943432,19429
1529711972,33836
1818620557,403
2333113,1980
20574092,2316
17737518,2931
447340,16440
1882889,2456
18012765,14889
19735539,14556
545158899,16976
1547449526,36371
1852703783,36331
855954,9311
397586,2472
3263279866,44593
66942292,12996
899804,1643
1231766532,35608
1241212861,30360
434998384,17815
551112754,17475
1517412433,34238
1046915392,18774
1517353804,33927
486936,1825
1826263884,32565
299923394,14790
423669,1869
18920530,10415
503844,35777
2122334,13670
503295965,15611
462197,5052
2310166,11864
157942,1993
3355609132,38566
334198639,13977
2361755,16259
66674216,13262
66133814,12798
60732,16441
2001885398,37154
1577093,5919
1943063,628
17977784,5904
423850,1779
16852305,9319
19764488,9883
1929763,1964
242500,6008
129572,1651
2490733,447
890782692,17779
941016,1664
22423691,14806
423499,13660
425162,15962
66501181,13763
430876,15346
2164316,500
13987012,434
1886128,2438
1293752630,24836
18938617,13146
16599325,11450
18042138,10170
265777,1798
423598,1645
1379566853,25112
1046828564,20486
423607,1656
349396,2440
427903,1183
3592723102,39157
10201515,482
3958605667,38519
2169493,75
1321248,949
523377,1701
1100284275,18925
1348733,13632
1867540507,37452
4705209424,43587
458713,1891
426370,335
891122,2056
486086,1816
2168651,2024
1318363996,28167
3227311214,36355
1956952,538
1443107,5906
1120301682,28849
2350601,623
1311637197,29113
780358,5921
18938359,13139
1235585,10536
997828076,30342
1645107,1040
4833150925,43866
895788268,19524
13968726,2667
1034922996,19482
545370148,17288
13883004,309
1419278599,27579
1418328,13709
608889,2190
1498353998,38546
1195511870,24873
2490711,2095
129292,529
426367,10591
1707176,407
307001273,15476
425339,5922
12416270,2916
1983656,2960
18189268,10362
837080,12892
1394388,175
2420871,720
19938494,16559
348481,2439
1350002632,24539
1835575,1683
310172451,16336
1272024593,22558
447912,10298
1321389,2051
168299,9355
361732167,13981
1136168967,20296
231670,2052
444695,13501
13295656,308
267939,10604
540054093,10296
423420,5058
1406176,2503
21978134,13706
18815554,11124
18102892,10787
1097523,1058
444021,15974
2223158,2947
1198107253,19776
22287990,11467
17982104,10375
1519092050,28955
490359,355
2204571,9309
423600,2038
19103959,210
449046,1997
475185344,15323
268625,9426
545368034,17415
1848453329,33942
425351,6010
924845,5955
506526069,13780
425355,2123
21612328,10108
1691541,9260
2467064,10159
9895136,497
17891797,1589
1127416,9292
1058034387,20488
19261804,4471
1206285,2323
18828725,11423
1933657,626
1058055895,19794
12219366,76
1545949135,33405
522453093,19267
4684718101,43736
12453865,9312
1672503,469
1020098439,28858
2162703,483
2350577,624
1962040808,36377
17707064,444
16887942,12447
460639,5952
4392262416,41851
1999104,2097
1191253871,17256
1682419341,36431
760708667,2334
5112192700,44606
425338,5996
297231037,15414
2420909,2185
21985818,11143
427081,9275
1433884878,28085
545350966,18722
18045293,543
2486435,406
66762905,12994
19970263,10257
19992662,13008
2103054,2984
1474189,179
423471,5057
1490454138,24901
1707856110,36672
19205632,10360
2138418,2665
1200466,10182
441337,1803
2167954,455
361742,13075
1632922733,36733
545146860,16009
2277520,15975
672523,1917
545226694,17754
872023991,17733
2104882,1053
1301493588,24773
14895927,1947
22526079,11758
11841301,16598
2481212,10141
1703195,16332
1542599634,29005
2196727,1198
4416714417,42561
504428609,16348
1473050,9307
1707853810,36988
1055771262,29222
924033,1660
2001241,1824
1593388,1034
18785694,392
1293692224,23359
1046915571,18726
19100668,3147
2001738,2014
1687689,2772
18954271,10310
3144066846,37166
1897438,14606
470834,13679
469709,26414
1000997850,18446
96631,5054
2310595,9264
1520315266,29000
1266318,1047
299626142,15119
10330519,2645
902519422,17309
18830456,11154
1539543629,29149
1443669874,33811
18041844,6014
1539821375,28999
212526,530
3196824084,37644
554116939,16942
2333803,9321
2156659,2437
457945,1607
1720082,494
938303,5950
18172030,3899
19927641,16780
1187120828,21595
19198346,9414
545143443,17874
1517956,9370
425198,2505
949661,5072
886254378,22411
424719,5076
986942618,18531
2280424,625
1514651002,33304
22280226,11109
139939,1671
425365,5954
296914,2030
18195286,8803
549092790,16360
545310924,18479
1800074,2526
1653016866,28774
561774475,15539
11744948,37464
1451485926,28355
3223494698,42473
2373470,5897
593877,1629
3567036832,37446
872294137,17206
383552802,10700
1724540,212
776204630,16878
5722425218,17433
11797110,19785
477931481,15139
294301969,14661
253402,3030
2070876,457
308709032,15050
672680,5961
431068,1620
66615248,12966
1483133696,24815
2012002132,36017
66953598,18741
2170032,2008
2329512,313
18950241,302
12626675,9257
12519653,301
2361878,5934
3505221226,37799
608881354,17334
1843946,10009
2114931,10171
2001734,2040
426064,1990
13586315,14607
3587424844,38915
13306749,320
312574760,16026
1899958,5924
1093630100,35209
3754504321,39239
908668,10602
2422626,2803
1550254,9644
545394214,18631
13305659,322
19104965,11458
1064496120,19202
13711841,2450
1243518087,29074
297007971,13280
18938520,13140
425165,12893
425049,1659
10746993,2427
2166839,1812
9643551,542
394603,180
17971344,62
1034922923,18798
13963024,1871
372194,10582
1394395748,32567
10126841,7005
551109410,16165
353447,2784
1438822,1621
2168096,458
1909249050,41589
1392654426,34845
1093498706,12806
19734393,2474
1517476431,34237
1861832157,32280
930134068,20301
944827,2446
3428630407,36464
447673,13526
1952220988,42533
487997,15979
10363457,10129
1987644,644
1277012889,35049
67037829,14774
1710914569,31918
822447159,17365
2374300,14761
457412825,15815
456631,539
1758153,6159
1239748504,22393
927357218,18522
66896003,14684
655659,15670
423475,16498
2086485,5758
806354930,16897
1171365,119
865069,1624
1652356,843
527762799,15315
1380146,2641
66942310,14010
375390,2435
1586324,1271
22547134,14665
4062021414,41837
67038185,11734
2005008,118
1553246,1052
2452348,9074
22450995,12759
3150749058,35474
1046915461,20307
9898869,9892
1163426678,25505
1691813,575
17592219,14605
19104020,8990
930127234,18737
869494350,17446
864106178,17457
711132357,16323
930493410,17401
19737724,9054
753237862,20320
2077737823,35281
969719785,16215
22243016,11417
67111861,15663
2481922,2670
2193104,520
66762708,12988
222278,218
545210599,17314
9367818,19848
1326442,2449
425362,5931
533646428,15489
19953585,10020
763523814,18720
545237306,15803
129718,2132
1514640606,33303
1448241,16665
3611837842,32510
49483,5074
425335,5987
19917782,2613
781367133,23284
274312,2042
1907472266,35873
1046915436,20925
223480,33734
13970530,1158
12166297,1595
19067012,209
19284089,15206
545246626,15912
239460,16212
2480348,2682
1565273,2402
11739385,2119
1840934,5764
644464286,16164
1046915821,18733
1946562791,34929
1899260,21984
1221453148,22453
1195510386,28807
17958204,14163
238686,12058
1539453929,32603
13690463,10106
470925608,15765
3407815847,36796
1469610,33388
262702,1662
1650771,9340
129578,14413
862525474,17270
21770190,13750
288841636,15511
2158717,303
364788664,24908
8350194,5998
861192276,17878
324100736,15514
2083825,571
2410800,5927
219904,24688
1953362,10140
3394729642,36539
19630660,13907
9641117,11597
1517631219,33452
416775,1603
16925706,14144
864432,2709
13925708,1967
1216710,11584
2104237,418
306991041,14789
1805323498,36370
1892986,2314
2144706,844
8508933,5910
1443669244,35176
535036671,13105
1374879893,25748
22327679,17212
2490737,456
545216860,17296
1692424045,32563
1313013844,22964
526561491,17738
1506597,10131
1295,10605
9997591,8154
568030,1605
2484039,321
1762428,10116
1081650260,24984
1593121,5090
1208677,14106
66762712,12999
565338910,16047
1705012423,41706
1458515,10185
433001,16492
791604076,17053
2484010,11190
1628330161,31989
16901959,14692
5085416019,44334
1136082,10188
18772873,14807
1440278115,28163
736564,13410
1509549718,29026
19104860,10256
289865,2442
13883352,319
66911027,12989
21645685,10741
1665868,2770
129185,15534
2045787,719
821422,19282
2333097,2011
2124203,5754
8671470,12832
18135438,10352
1783272,429
18770023,12558
223652,15978
801935,1794
263341,21747
982825366,18544
17593172,14722
66674138,12446
251747,17313
19954085,6045
17180476,13029
1519320,537
424760,24639
223289,410
1927521,1786
2408321,10033
1259371,14915
1929209,3230
735482,2147
19971020,15146
1463998563,22100
425242,81
583150721,14630
2490597,1994
1322506784,26946
637365240,15892
3288930926,39340
19104057,11113
11745127,13919
1795312,2134
2434018,6081
22575528,14384
1031384015,25126
1775455350,33322
9240877,13975
1424733,2135
3944590856,38965
9882409,2544
1841840,1108
279060,10853
2017591238,39255
1296350,21741
11918297,15869
5509034244,46003
5509016374,46002
271813,20317
5161898806,45947
3365173599,37592
423676,2360
4122136517,43347
3675674470,38825
3279966821,36865
4217636435,41875
441910,990
3524468527,42476
1508217543,39474
13668911,15587
423503,20592
2134657,2933
424657,985
2177531,383
1972547167,36687
3432828826,43739
1895047349,35043
1777388360,43593
13739048,2433
1477006,2952
677299,1996
423432,18779
430621,20578
423112,982
885603082,17431
422884,1898
129139,1594
479073,993
284817,10524
1268892393,43741
951082,2063
431164,1941
4470086219,44796
1242901,2955
17976360,217
18225376,2462
445703,10565
2336212,2939
4064958684,42070
4166108032,43182
3357386422,42699
19893663,14649
425356,18700
21759839,34569
3543032788,37135
5496262504,44340
423442,28873
13917226,2523
560773756,18589
129144,13360
19093637,13898
719444,1838
1106086,15538
7945099,25198
1107008347,19499
1714729,6007
2496292,388
424755,1700
853368025,17450
432487,71
1381166899,30354
266898,842
1835145,2341
286927,16518
3408933313,43761
453315883,15510
3565268401,43626
430701,21890
129371,1724
3227333584,35515
2124992,2373
1877651,16809
19733608,2623
2099315,2962
302191,2361
4812383874,43844
321451,14624
12051098,2954
4696405544,43358
1768301991,33377
707288043,35082
423670,28872
22279621,5918
673521,43478
327940,5060
21886511,13802
2431933,2965
19680639,4479
416298,9903
67263002,14008
551098326,16858
9101029,5942
3358260574,41967
234953,13183
1291407,35948
327542,10817
535032164,13986
629791435,15639
1100126377,18747
1105554128,18729
3411702274,43597
11851365,1592
2094322,394
537949405,11832
2433204,11447
1263570,13354
4125756381,38975
17548417,467
231765,82
16592890,2974
1024698983,18993
2222160,10125
423465,2444
423765,2007
214785,1718
676528,947
269298,1685
4223226585,43705
1321415,2943
2043070,2941
2003620410,35080
1682454,10721
670589884,18648
704362308,28195
16602091,9348
66707162,12854
21977561,13925
1296367,2357
2256880,675
362516,12644
2366223,9279
18933826,11464
19212830,6127
273654,13061
66762684,13913
426701,44463
21916521,9360
366565,2455
8084961,1696
1285376321,22763
22169813,11501
2228657,8374
21467930,13121
423469,1716
1335006,16607
4197368171,44333
812230,1039
1226914625,21763
1637874,10130
424483965,15080
1707855486,33878
10534047,393
66528719,12745
4452779565,41585
732850571,15937
2376691,14535
740799,19737
9394213,16410
1089763045,19231
19970962,10355
297262167,20325
1835264,11473
189281,16484
2307066,224
18103555,10693
456706435,11795
1933586,2961
2441881,1057
17891288,5705
18124337,2950
1321380,2041
12160614,14784
2363969,7010
386190415,15741
1189405964,19480
2159807,10127
1490454989,35465
545336067,16013
12752020,16044
671065,946
3393724606,36675
2333105,2004
309722765,15163
2340551,2796
1252007,2589
11921481,2589
890796436,17814
17248613,9402
3459985439,32246
10168526,5959
2373267,7388
12662432,1591
1231444807,22422
2203402,1038
1235109404,22394
22463093,14813
1218042,5080
1009582101,27413
21702641,13993
333919186,9638
8190180,436
19914346,15826
19007445,9283
130074,11586
1053506413,28646
272185,10507
1846226619,34804
727626046,16819
234540,15345
8320536,2666
451408,14361
1848249,9268
18998828,13461
546620812,15802
66762676,12998
1860121,5963
927372636,18853
8332458,120
2033972,2958
256059,14262
500668848,17303
3613303646,38705
2430871,433
1954664,454
1114269,2106
2490602,1943
425264,93
333627570,13772
12051012,3895
427527,15939
1680842970,24750
1748100908,24829
423418,16664
1529725,16503
459530,423
15026493,2551
567831,13401
2001247,1758
1134667285,20319
19917055,2542
1058483622,19646
2177929,132
546619555,17447
1795475,1275
1835549,462
20038144,13295
1443670238,34225
662768752,15251
1093665316,18878
761749130,1655
418143,2425
2462329,6100
18815183,163
1161855076,20681
66762667,15380
129655,16683
14380501,12760
2433129,16426
1560238,145
1398127281,22566
325980160,15742
22341430,14115
450419,13666
67006072,14732
910099,14483
288072,9368
551111805,1687
1097866694,19224
1588153,2559
4588137954,42903
1562775,2321
872046764,18895
525769610,18693
17940379,14643
1201748356,21822
12105513,5062
12608625,877
19781244,10002
11925873,1713
372002716,15664
20574094,2673
19734026,557
385192134,15698
2096880,3058
1048659032,18854
299932988,12976
17006815,5917
869509798,16801
681618815,12770
2139376,2989
66762860,12992
305343305,13060
2035795,5899
3569623729,37552
1926063,9326
2167946,1680
1836180,373
256315,1213
67064234,12855
826488,17386
1531422496,29247
1100791771,18918
231841,35345
12219944,2846
561746088,15590
934765690,16833
2003635631,35083
4595295757,43455
66674236,13264
21891,16428
21904113,10304
936103240,16771
995688283,19694
9907487,10314
66624179,14870
562184522,19313
66134412,14609
89472,1999
783421142,17286
22425297,16447
1122982241,19741
2207952,16556
2489758,534
423453,9375
15046205,2459
2040605,5083
3432828711,37055
1053503056,29077
595046614,15735
1954085,10173
2341432,13116
18151185,10652
2295821,10598
3609591130,10397
11897033,11285
449028296,17174
260180,2812
380950525,19184
2169486,2133
411706,532
556695495,13852
2317520,327
22494975,11764
1982977,15622
14406398,8303
18830334,460
66674246,14709
4163179108,40796
2415758,540
21964742,11149
2118330,5892
806185859,18528
2001583,1842
554199489,13832
8858993,11874
17004674,13887
1693284,8378
1337736339,23382
2318672,10452
1857762,2343
1327041907,24543
1441536,19786
17006603,5956
1059642365,24855
1999770,1654
4584819627,32493
2121843,10010
372792,2849
2362106,2969
437276916,15185
934666109,16861
1080675781,19230
4836285030,44002
1490458359,28826
4330421918,41774
1886880,16659
19678551,10742
2442857,2451
2078346,14077
936143059,15646
66762508,14001
228247,2075
21998502,11110
1511639,10128
2080661,2499
1733539661,33305
4213120637,523
19649362,19626
299609823,13159
270965,10769
1714723,2538
542573989,13856
889299424,18886
16824207,9427
1318385746,11452
17205356,19792
1198225425,21888
3380259967,37287
3254875794,35631
19657063,10748
3361848647,36537
945720843,14387
729774554,17325
7862566,9364
447835203,10655
2335973,2353
19681730,11236
548632925,16191
19049980,9036
2348428,10118
693246994,15641
1326988,2448
442596461,16169
2024858,2771
1460465627,28535
13892823,2104
1046915841,20303
21590296,9203
3380260258,44448
4194454540,1644
19965629,4472
18867898,9634
10730234,10161
1213510473,18731
2108330,1110
18040773,10382
434214239,13851
1443547418,32669
21876774,16880
66762921,15427
18858667,64
923881303,15911
22494972,11728
18848164,3046
18845710,961
2057544,13389
661539770,15621
525749367,16802
1354453110,22647
4493604648,2774
1987059,536
1835586,470
14959006,2851
460584,17280
8759184,678
3297781858,36005
2382639,9018
2365580,2351
3394780578,36417
4782808942,43748
17226926,484
22430435,14720
1891128,2540
18954406,892
19271862,9434
421650,380
17168877,6084
526606215,15490
661515965,15394
448158,10177
434275,227
19679741,11214
4676355221,43631
2467393,2114
866610453,17318
945858949,16016
1339338834,24830
1004910850,18801
2327824,19748
2333093,1972
411015,10710
270962,10713
1419939,1826
1775469558,40791
969804,23190
66883596,14610
335028669,13947
363510,415
761742356,16394
419652,19239
12062422,35954
372084,435
1389005,16667
66762635,12995
271565,20127
860832897,17298
18821250,10051
66762748,12968
20020931,11416
334142,2102
454429,1652
12169510,16199
369181,10476
555519,11834
9479157,5905
333627533,13771
2003648894,35636
1174640298,28808
685279690,19262
543837675,12369
423456,1777
942920485,15927
623971721,11393
11998137,15485
17890457,13499
22537135,12471
668086487,21972
19915935,11130
14262326,503
449384,2164
11753846,9410
536089554,12671
982843766,18469
17999699,437
66493433,13738
8963705,14659
2432819,10123
1102992,2142
18858793,11462
323043,5069
14076542,468
10421800,7379
13801268,480
938330629,17461
2376417,5756
549075275,16223
1213510471,19628
507014870,14694
545233230,16153
129491,2945
14169000,2461
19109320,2403
8555000,9404
2265616,21917
21981715,10294
1759652,19691
1301613194,24052
2254079,5948
1330038,12845
2366966,9219
13356102,9227
2016001,1202
11852483,13309
500775190,15508
17972741,10098
1690355773,37877
19970140,11142
1117463175,19738
443929610,12640
2174288,257
841067040,17073
129456,15373
1081566294,18442
673069,12374
19882324,11460
4124779083,39501
330033391,13833
3263965267,35399
631604,18699
1845660,3049
278984,10586
1833021390,33858
9712879,10648
66927286,12785
4997059525,43970
4347155408,42071
4218454329,43339
2036194,16330
361192,2464
1173715417,21505
1892663,8232
525708094,15890
66482074,12703
19075887,10137
1213595658,21965
12115488,16696
18785779,395
1473596476,25035
4766944332,43596
3221589091,35617
4892194758,43988
425367,5990
326900058,14752
1485738194,24843
9660826,10158
386544217,14571
66714351,13030
22395081,16688
1218564947,21973
328054,11777
542188862,19861
17727482,15638
2498961,396
22312853,11192
129324,2509
1267149583,23225
426051,2867
1838953,2780
3172004420,34942
1308396011,23335
1020771525,25882
825478802,17042
1373921574,25060
18858831,330
1949526,9823
407773,2476
2029743,1263
9512628,441
14735363,9902
378319244,14425
342463318,14604
1251437,2233
360585,3032
1213510472,18915
462447843,15179
982927705,18603
274936,17384
297353587,13173
945890173,16815
361366961,13914
1187480986,19194
414703,522
425334,10190
2063992,9306
1393532434,25127
1037987047,19689
10829716,751
1219477,2358
10282013,9099
66290102,14962
2316762,2829
999186492,21652
748502,36520
21879326,3100
2026175,16832
927497330,16746
19760922,2788
66762843,16088
4089226070,42568
1069104604,25085
17893359,2541
18117923,17512
1227272,5852
1508106623,32452
1733519651,33798
1635229,12848
2373511,1210
935773655,14335
560909551,15906
18939329,9028
527893388,15705
556694506,13054
2033288,10174
22242682,11353
19683685,15576
358553104,14744
1468614244,28865
685296741,18515
21787807,11767
17707965,2848
545324814,15798
1441826621,18929
3545047366,37292
21995642,11587
3774617359,38497
8996185,417
1798827,16604
342774275,13871
431834101,14538
684175753,16239
1261392,5089
999555498,18960
8766032,974
21645263,10875
538062362,13862
1508026992,29019
1734906,2107
965671,11568
12067901,11376
5721354610,19302
2001512,856
1980805,2556
1087102417,22528
467407,5087
19934859,2611
363176,8290
1586327,1276
1168321320,20941
1875795984,34745
19721469,8174
1349578691,22386
16942942,419
294032616,13995
772201154,22270
1058696877,18850
19918295,16601
22576337,11561
17944016,10261
22491599,14434
11888646,10667
1682308831,32471
1393532358,22377
18891317,13175
2051712,2758
2136156,2856
1055405147,28351
3322113559,36771
1326671274,19854
66044045,12878
3458149833,36613
556405285,25007
2169552,2121
1260387392,22419
2334119,2108
3280955448,35788
2067755,2853
2005387,15201
953018626,17757
1261201558,22654
473267557,15464
129694,21714
3456171416,36633
862521792,17243
1708439,124
963145247,17196
21707308,1157
2446475,2340
4558537600,43355
22176127,14681
263189,2457
9155,1900
1097944446,19699
285258,2401
738278417,16791
1370662850,22594
1926124854,34900
288176499,14717
1492530846,31985
17824680,10732
1807123,12597
449547169,10027
321150,22314
383505,605
1848022,2453
9309665,508
642178882,15678
21602520,11800
681319836,27873
2013764,2716
4172753331,42650
424548,1609
424936,104
2388637,3047
746460642,16817
840589,10564
982904194,15884
422185,15967
966203,409
556694306,12959
2343623,4861
19076834,10110
521543184,15450
4326522312,42752
1230822342,22443
1800393069,34890
274108,10835
2018945,9336
2130750,7376
3545775753,37579
3569616532,37956
342458174,14469
320267476,14520
2205765,5939
1701995,2953
13306862,328
410883,1688
22422958,19456
11969417,13607
4347494242,41788
17965140,10764
325434105,14612
1301333656,23300
869650711,17453
1393532462,23230
413531,9824
1322865877,16938
19924734,16124
10660681,15856
1349571164,22665
18165540,637
302044825,15881
2315058,10259
300192247,13122
204572,1928
1939290,9437
614694569,15701
3337581223,35550
3498736112,37461
2344368,1151
1002039137,18923
1887712519,35512
1318609880,24546
1167717069,18419
1144567557,19735
379820750,14487
556694071,12356
12954572,524
856576126,17452
421722,14688
432193958,11817
20008106,12473
1192630273,22784
455685,1261
66643178,16105
10385920,174
1062394741,19220
1890188,1233
73180,2070
538258721,13048
4044087895,38921
19684768,10738
1352079227,24891
1123401055,21961
1563166,13323
393144,10117
12547,11106
456878,2430
1387994925,22428
66864046,13268
3569639124,37554
344335,15948
1516543574,39686
2409019,430
67036898,13028
19284552,4823
1351952796,25113
459093,17250
19955618,20973
306329591,14726
11852184,1699
1093659130,19233
66134364,12916
2494356,9289
470903144,15466
2001961,11468
1096866405,21693
3178237771,35150
66335085,15187
1351176832,33831
18126318,14147
17691485,10121
335324991,13937
9352759,4631
4528911185,42775
13916958,1272
2364215,123
2299490,11076
14380236,10160
935908501,16711
20023622,2781
5078184290,44330
936226059,17752
795625267,17154
22184309,14762
2180572,8341
1632922383,34404
14747155,2866
438414681,15758
298765312,13714
525743966,15619
3522349862,30352
2096599,10191
686433292,16698
659077790,13933
16956869,488
364375929,20547
2381711,850
18814725,177
1216527420,19483
8748803,2971
370191497,16544
1195511961,31922
17958793,10135
66223003,13835
2491199,1984
1481131870,28881
13965346,10012
783045674,17054
3444215943,37462
22430458,12450
431831407,15358
10003652,9040
1441659452,29383
3639766913,37555
2486672,631
2196716,4475
3981993541,38741
2223685,2855
17664465,2588
17972862,9032
66693932,12796
398424,2156
3259834603,42836
19150499,11788
11799355,11750
823803286,17322
929142502,18552
2084488,9199
1208841343,22407
324088292,14683
19955129,37459
325148144,17395
3452565488,37829
1107525,2124
2426544,2532
1362417580,25118
22422962,19453
858947,21808
1533203629,35061
342457827,14527
2306711,16697
228252,21578
317880684,14614
22582877,12746
3654208535,37772
4803518387,43700
958623538,17847
757505629,1982
19093370,764
370219,10506
19273149,11768
371974215,17291
394636,847
66942266,12997
19223698,8171
345653,2091
468484514,15309
556694309,13074
1724095699,33700
819383069,17040
366673,11744
3248900149,41787
382857762,16253
22468002,14776
67417176,15066
301450772,13740
1547463721,32528
10399389,630
1487643,1178
1371478,16132
3579239412,41258
1867991,13064
22184307,17297
900986,21576
942754,15605
67504088,13910
706855383,16800
682563091,16197
8346408,9954
1352271335,25044
21521470,559
625985126,15907
623950710,15684
726134649,16028
2497348,9192
8131989,10134
1046915795,18865
18084026,657
2204019,15966
14734410,574
444310,11403
982933987,18470
2482191,2773
1168339172,20492
869752385,17317
14129393,518
1343971805,21784
18040699,561
514758940,15231
19679316,11754
385180235,16610
19099285,12444
1508044826,28886
2266102,9438
551458174,17762
1541954,2651
1046903616,18846
1139452998,8376
2229735,2956
529308164,15320
22030026,10308
542561160,11831
333918166,14477
309228181,13207
844255203,17176
21518665,10907
19932789,184
1103296830,18744
3611839093,28817
273527,11804
713906667,16019
363721,2378
19679544,11818
3605342036,22388
1314610231,22388
66407298,12863
18069459,895
9859967,365
1189004351,19680
1175408351,16152
2011553347,16456
22509298,13312
12802186,11370
421036,2906
330351410,13853
504916541,15425
66034450,11554
917115249,17745
780134614,16750
295300574,13042
408168,881
1231753578,23305
19048981,9078
587392517,15750
700202203,16810
969716945,17413
2246085,7385
2185265,9571
9033275,2823
19647299,12929
368018,14570
279027,15997
21926418,13865
1189386343,15607
2483286,6126
527859627,15488
10862859,2837
364797624,13998
538360626,12766
1020113041,19489
2473054,7073
362024221,14541
661081244,15150
66624223,15535
2008792,11774
443684850,15048
503299957,15980
385180241,16519
67158084,14753
870764347,17320
942938520,15648
354731,2347
17501610,11771
2459704,10204
14636406,12856
795397857,16837
942918771,15847
399991,9915
12911121,3845
18983290,2534
21585281,9436
1213510477,18755
305880425,15260
652363131,15933
67348624,12901
1432247656,27963
593796382,15768
9471090,2602
14707523,2820
19141056,16560
1392700568,22660
19103489,12973
278190,13517
284329,11092
362327722,13928
1089771726,19226
746084117,17046
12969611,3969
832280180,17292
1327216528,24808
19641927,13076
19769467,4891
16885122,2793
66312671,16113
9710770,11495
2303989,761
2351780,6110
303978648,14817
553947880,12672
1954873,2813
289925004,13716
22537663,18824
284020,15407
8962084,23571
681359697,24979
1100167433,18740
556694283,13041
669031342,16465
1241567396,20631
18867946,769
519680145,15311
927357205,16860
1447258,16119
902454690,17311
945852730,15873
477807288,15790
295890887,16055
2198596,658
22555616,16117
1093719617,18787
1073673295,18852
2045561,16489
273526,11814
342459283,14476
979320381,18478
66849416,16102
9408412,653
18825561,443
2444004,888
18825862,2864
2327204,10043
326283764,13838
463814891,14580
753564941,16787
8858396,14499
1186308334,18689
525753267,17137
66407297,13717
366946,14686
295919081,13005
2483585,6116
934669841,17354
443931832,16591
12148471,10401
294033,22329
1331961294,19659
871651029,18590
10342785,715
623512055,15734
18084016,664
11875880,361
803477594,16918
1046928941,17245
656415013,22176
129703,13784
967638258,18489
548558324,15158
67262984,15295
1237582289,21898
14870618,344
599466303,15669
4181668289,6102
1046902950,18802
1290776567,22427
330365313,14685
301751119,14728
533895238,15460
2482858,2912
539705494,15509
942867072,17246
1187582637,19850
1473604075,25002
10034667,13352
982934335,18848
990935051,18505
17564172,577
21780553,2923
803477421,16914
964441745,16568
935798287,16213
19976357,11609
18821191,5026
67505273,16042
295630328,13791
1056921943,18964
2078992,11119
18933821,671
21235744,13047
521538567,15918
930281346,18529
2146465,9023
2240825,2558
13561431,8414
536084817,15493
902521034,17308
1050402606,18995
66971718,13009
449026878,15601
447955387,15516
1208845060,19216
295051696,13826
683183,15017
2129415,865
1892627,8236
405773,2888
19959016,672
19025611,15397
371356026,16322
1349571156,22572
721979742,15677
14646297,3440
16958261,579
846644318,26919
8680358,16112
421104,2789
14262065,3015
556694279,13044
2293050,1676
882118531,17271
687953453,16027
838431272,17316
796867552,18416
19246755,9969
10399467,650
1934369,8400
545082834,13873
66032939,11573
66469111,13265
22526499,11456
674390705,11773
2330241,107
19055726,181
407855,182
2484069,337
2309469,352
502116,356
306256,399
2294611,421
1838932,431
2290815,438
19180255,439
10358046,453
19055656,463
18102381,487
2266576,499
17437307,514
408170,516
19690471,517
1763821,525
8072622,526
17890423,535
2203728,545
17895239,549
10179470,552
18040698,560
19796950,562
18174937,566
19105208,573
12592564,576
18220940,580
19976647,584
13830035,588
12518347,599
1959154,607
2282600,633
12917644,634
10399495,636
2136221,639
2481976,640
17891673,641
9922916,642
2242840,645
18084040,647
2002739,648
10399385,652
7910040,656
2100011,659
18933836,660
10399393,667
353653,669
18084164,670
14344331,679
8003233,688
10414495,692
18188601,702
2156273,705
1957483,706
382901,708
17072967,709
8760675,712
2155967,717
408056,730
2167350,753
18943860,755
2448853,757
17028296,765
17178713,766
19660463,768
15026491,771
21808790,772
2262710,808
13560491,813
284434,823
1872539,869
21894941,874
2026421,889
15093103,891
2303080,893
2390667,1100
19025611,1145
2363747,1147
1768806,1196
418339,1212
10385753,1277
2469184,1278
2404187,1602
81488,1634
9543008,1666
8177671,1668
2001324,1847
3524243506,1986
970480,1988
925531,1991
727975,2010
7974453,2047
460432,2061
12072966,2081
1845884,2093
1327996,2127
1175431,2176
2494135,2187
427079,2191
420768,2198
2151616,2199
1281479,2202
1617450,2234
18195291,2237
1653567,2241
17983367,2242
1903891,2254
16587862,2255
272278,2278
9714586,2282
271648,2293
17504046,2298
1522470,2299
1367857,2303
746542275,2306
13927066,2312
2333226,2331
2223162,2336
2297541,2355
13196091,2375
2373697,2391
7896323,2423
1687145,2447
2240976,2452
1897386,2458
2156660,2463
1902026,2465
2156661,2467
18098135,2478
8604291,2481
1972680291,2527
19917674,2528
19257059,2531
21546171,2535
19917282,2536
2327943,2539
11989063,2539
21562377,2548
18129821,2552
15032182,2554
19918034,2560
18042343,2562
2495913,2565
17624199,2568
15070569,2581
12397979,2592
19917711,2596
2053153,2601
2390518,2608
21568207,2610
10812136,2715
2301616,2725
2416599,2738
19721485,2752
412271,2775
2379605,2782
14537156,2794
21588906,2801
19087957,2805
2367821,2807
2486065,2808
449619,2811
10201297,2838
12513483,2840
18954087,2852
2437103,2857
414236,2858
1600234,2860
2277447,2861
7870927,2863
2341947,2869
1980073,2870
18853465,2871
2012855,2877
14325811,2884
8468965,2885
809360,2887
21609451,2890
2418908,2891
2319077,2892
2486799,2894
787993,2898
13154395,2918
9299467,2919
400674,2920
14907379,2946
2151448,2957
2421635,3043
13718957,3053
2344812,3073
13586449,3090
19888816,3107
2140973,3125
18848161,3153
2401265,3431
1717564,4476
1928730,4478
2105040,4495
2373152,4820
21797579,4824
18068568,4865
17204232,4881
1972855,5016
10235675,5195
18984195,5205
22052781,5220
10399473,5708
393641,5719
1678850,5938
2383987,5969
18181064,5974
235711,5988
229675,5989
2316078,6002
13363774,6044
8394568,6090
411672,6096
18810803,6105
732961148,6113
14325166,6122
2095163,6128
10408066,6137
18215560,6161
19981142,6171
218424,7038
2335336,7158
838887,7403
13904440,7979
9379805,8153
2077781,8180
2070896,8185
10413425,8256
1375167,8266
2353641,8271
16842337,8321
2374195,8382
1671173,8396
19268449,8409
21540747,8410
21797545,8428
9307637,8436
2439918,8437
17148080,8442
14238268,8445
10021648,8480
1956408,8482
18077546,8483
21653741,9026
19737728,9056
14448264,9061
2407519,9079
2376948,9092
17079458,9100
18796684,9196
2297802,9211
2430701,9226
8220582,9236
2366705,9287
8314500,9372
19955728,9382
223020,9394
12183786,9467
2164860,9481
6714230088,9496
2271678,9515
8100877,9573
2133968,9577
18049878,9581
2124887,9642
19746343,9835
19110105,9836
1615385,9872
18567641,9950
8424690,9955
2191441,9962
8738485,9966
2355004,9992
19978186,10003
2184305,10004
2165967,10005
2499365,10007
14456355,10011
405769,10015
2354904,10040
2354546,10056
2366785,10057
17957545,10059
19884201,10060
1920603,10061
291424,10065
19695155,10066
2020415,10067
2343580,10097
18021000,10099
17970236,10100
2395599,10102
19247713,10104
18104262,10105
14333359,10109
14898508,10111
10756986,10120
809991,10122
18792950,10126
14761170,10133
14842434,10136
13782572,10138
18848171,10143
16816590,10145
374328,10153
9488329,10163
1869452,10178
1842397,10179
2039274,10184
10024738,10192
2337323,10207
8062765,10258
2466200,10262
16746806,10265
21551180,10297
17235407,10307
21962315,10311
10383660,10312
13796112,10315
17651352,10331
21971762,10336
19134441,10357
17117946,10396
394845,10398
2069953,10450
2381861,10455
1682537,10470
2037130,10478
258237,10490
366643,10519
1996061,10695
19104278,10695
2091882,10702
19667016,10760
20155531,10831
285288,10845
2217760,10846
19008053,10872
21645428,10921
19680794,10931
22193054,10946
16711555,11126
19119457,11145
22302347,11155
2351454,11157
18927943,11158
2287452,11168
1856415,11180
982825393,11198
22568633,11199
22314480,11221
22314472,11223
277749,11226
19670040,11237
9712329,11243
1171935,11378
1096238,11384
12022590,11386
22011914,11405
22268432,11407
22028766,11408
22335872,11411
22279883,11413
22463215,11414
22406859,11422
21707357,11454
22537877,11459
18927681,11463
18933839,11466
22441666,11470
22583272,11475
66437937,11476
22526493,11477
277393,11492
22555620,11494
22526077,11500
16682602,11547
22035170,11552
66093658,11565
22001918,11581
66470233,11594
66437940,11595
22531921,11603
66441067,11604
22605340,11606
22467597,11608
1103508885,11720
368720,11732
271314,11748
19783811,11749
19172045,11755
329214,11760
232223,11763
19678558,11776
277431,11779
340603,11782
322431,11789
661074597,11793
286627,11796
19783813,11802
1125586156,11897
66700815,12359
22332643,12361
19870959,12367
66493360,12370
66474702,12372
2241609,12376
66643588,12385
66585780,12443
18938391,12449
66707258,12451
556694192,12509
507907680,12559
543574531,12560
567978425,12571
288191526,12665
556694247,12668
545031817,12669
66714263,12696
66493046,12744
66501319,12747
2256539,12749
1001100609,12767
66864499,12786
66486446,12795
66701447,12809
1853617,12812
556693970,12831
556693961,12833
12194669,12839
507907189,12846
66642968,12861
66942456,12862
66855014,12868
67306752,12882
67268730,12883
22423248,12886
1608603,12889
67158099,12894
66474158,12895
66732325,12900
556694734,12911
22581506,12912
66674242,12915
67202922,12917
288182617,12920
18933830,12921
295300577,12926
333626966,12930
543626229,12935
317095323,12944
66587386,12946
67703217,12947
289933292,12951
535154577,12956
67845261,12964
311191519,12972
66925852,12975
289928869,13010
67006064,13035
18881224,13036
546419465,13039
539370383,13053
556694549,13056
538322861,13057
277228,13072
660693397,13073
21730719,13115
299922709,13124
307012971,13125
303405284,13126
22384455,13128
299031887,13149
556694311,13157
556694614,13167
129705,13171
760174272,13188
451940,13276
1559722,13277
297951025,13305
2366156,13344
443925527,13406
2190524,13413
16820238,13443
1541236,13447
14785694,13534
2019214,13538
1934617,13542
248134,13592
443945239,13621
1664257,13636
11944808,13638
11803889,13669
297777,13684
1588673,13695
17118344,13701
2380684,13711
315474127,13718
594900231,13725
320911220,13736
18559089,13751
322967360,13757
299034274,13765
312862630,13770
313439980,13777
254120,13779
674390673,13782
322055360,13789
319666451,13797
318794073,13804
22313554,13817
22348221,13822
322039823,13830
2467420,13839
324093706,13845
443913115,13848
325158344,13855
331861562,13859
335313875,13894
324093691,13901
66421986,13921
342158675,13931
337516131,13940
18828854,13954
330056089,13971
371675005,13973
322976124,13978
727366857,13984
342454788,14003
361714010,14006
674390724,14017
364402139,14022
333009307,14023
945894821,14072
964451592,14079
21645105,14158
2264961,14179
8615185,14214
21742196,14244
303978762,14272
303978579,14274
1700371,14364
396520,14365
982825328,14385
19932780,14421
367061862,14442
372316611,14451
19675888,14465
342458361,14468
19681956,14478
378325248,14482
337787714,14490
546491006,14502
379855534,14513
371697334,14523
556695505,14529
335356944,14543
363702396,14544
360270173,14565
449428135,14574
426135322,14579
21627001,14581
426108460,14584
433062848,14592
556695498,14596
291362291,14599
66716027,14608
19643706,14613
67041647,14615
314784125,14616
332985450,14622
317881162,14623
326895838,14625
19235539,14626
19927470,14632
425712271,14635
1414082,14636
773944,14642
1630490,14645
372023795,14648
21803668,14651
312870138,14653
22058220,14655
66936403,14660
362002201,14662
359966923,14664
361724664,14669
66493448,14670
434976046,14674
371359597,14682
10700741,14687
18200956,14701
361732169,14703
373851798,14712
303136144,14714
21519027,14716
370182288,14723
22430590,14729
374175853,14734
364404042,14739
364404024,14741
371690978,14745
424606094,14748
335030215,14758
21633459,14759
382854758,14765
359165949,14766
303679819,14773
67507374,14777
325979825,14792
66163538,14804
307875270,14824
1190775506,14832
384301209,14846
21512518,14879
17109281,14884
21540306,14918
330059891,14927
359166996,14950
301456226,14963
324088125,14967
947084,14968
297633806,15037
457539904,15043
474742340,15049
708567980,15053
362025133,15109
300884821,15118
327207867,15131
361715340,15151
333302894,15173
371687881,15174
362327383,15177
22443231,15184
67353068,15189
67088016,15190
314535382,15192
659235883,15195
8650841,15202
469924310,15210
509992109,15212
657817192,15215
297970270,15216
674390660,15229
289932041,15245
288890559,15246
469809696,15247
660721564,15248
461391699,15254
472603729,15256
463807425,15258
329224775,15280
435680,15290
299935517,15293
471976609,15294
67306199,15305
320273580,15321
262826,15322
66528566,15330
501857443,15333
974460641,15336
459999034,15341
424474136,15355
277764,15362
269292,15366
635137491,15370
360263609,15377
21780734,15378
662679617,15384
660804046,15387
674390625,15389
518611329,15392
660689239,15404
422301950,15406
319653659,15430
503308789,15433
19696166,15447
299289316,15448
425742983,15467
470868230,15470
525738486,15474
528320699,15482
526612118,15486
313160568,15492
657680711,15495
534913982,15518
525723435,15519
66854949,15522
66062597,15525
21492536,15527
66936404,15528
66624155,15532
550397239,15543
2260712,15547
527866444,15549
526616583,15550
562966769,15555
543466002,15557
555175992,15569
1007357930,15575
544911018,15579
563178247,15584
361415325,15604
557735497,15637
503303916,15643
713867978,15647
625900245,15668
425744192,15672
305343322,15675
648367861,15679
599471902,15682
501019645,15689
2408574,15694
449018989,15703
637789318,15710
470889040,15711
585214523,15712
536086521,15715
322661197,15723
623950751,15729
609713641,15749
640864399,15751
1097826873,15762
612992600,15763
66120444,15764
66476983,15766
557735508,15783
311445751,15794
305915093,15800
753532597,15810
308933612,15822
650674913,15827
66971417,15831
936056685,15834
471985,15839
470890650,15846
625989726,15849
632485322,15853
639253088,15858
922299259,15872
22430910,15875
961678392,15887
942906195,15891
657763367,15900
657757292,15901
359959400,15902
371688440,15913
678497220,15919
685341029,15925
22542552,15930
525718254,15936
1787171,15940
8196887,15943
2334636,15953
11876757,15958
227991,15960
235491,15973
453917,15976
636525201,15981
700238804,15983
288881408,15986
367063218,15988
500775407,15989
1001648392,15990
668846142,16023
664614966,16029
661587630,16030
717186905,16035
660604149,16036
701988926,16037
682275892,16045
17629094,16051
291860801,16054
378292976,16056
18784389,16057
441515695,16058
312863117,16061
364412056,16062
379491815,16064
2246787,16073
2246781,16074
66643428,16077
302595486,16089
67305883,16091
67783994,16095
67346944,16096
67348879,16097
18868892,16098
15036562,16099
66925241,16101
66450826,16103
66492467,16104
21579164,16107
22334110,16110
18816641,16111
1369525,16115
2104509,16118
11935829,16120
21518552,16121
1479973127,16125
1962788,16126
11863348,16129
1379892,16134
13633374,16135
2366360,16139
425407,16141
717196092,16143
662693992,16148
593713680,16149
721979275,16155
685408064,16158
22393563,16163
9609375,16181
716677865,16185
671964947,16190
685280009,16201
687961345,16203
935902191,16205
652423493,16221
727681842,16222
652388400,16232
373852159,16234
652398457,16235
619615492,16236
504646615,16238
16826249,16241
727554956,16243
477938388,16252
408823,16258
739811637,16260
22301160,16286
709689469,16289
526545711,16293
704835309,16315
1829276,16329
713978246,16356
66469348,16357
763505371,16377
361114600,16389
606067221,16390
2354616,16402
21595203,16413
12219821,16415
9321597,16418
11864140,16423
2398510,16427
296681611,16433
19965750,16436
10442484,16438
18023954,16439
67821160,16454
269267,16457
776242,16458
22267144,16459
67031430,16466
22577795,16472
14939058,16494
404345,16496
13882452,16501
961680841,16504
915308,16506
38513,16508
982831149,16511
982843600,16514
982901968,16523
19207670,16540
611034211,16547
4441245960,16565
19179153,16566
67157903,16572
66614488,16573
18560116,16574
602039564,16575
518281,16576
295305491,16580
314528427,16581
951974152,16586
287533,16595
311912,16597
364797654,16602
323324,16605
9622057,16606
328613860,16608
500775047,16611
17727512,16619
16887265,16621
22175234,16629
22320400,16630
18410723,16635
2382570,16638
2334936,16650
6831,16653
14750758,16657
451100,16658
18976548,16662
414170,16663
2165047,16673
934761034,16680
724318699,16704
720475242,16705
894255542,16707
16898080,16709
768442813,16710
935851345,16748
936118456,16749
781259539,16755
649999500,16756
754125553,16758
958382575,16764
66194335,16776
982825307,16784
669362648,16788
722909198,16792
767119679,16797
746170985,16808
527804234,16813
791110323,16814
751704465,16821
768541337,16824
804658459,16828
768808171,16836
758446890,16839
982825972,16842
936114883,16846
815632064,16847
525753315,16851
525752021,16853
927532611,16857
803609292,16876
772145035,16885
783375233,16891
724318697,16896
733564782,16919
525725675,16920
945703929,16936
659462865,16940
961530537,16941
793723506,16968
776414835,17052
789450866,17057
803477573,17058
797362557,17059
552965859,17061
1982822,17062
921012355,17068
825569444,17069
841067043,17072
734938092,17076
66554959,17097
270048,17106
810494109,17117
835099615,17119
820929934,17123
557735510,17125
700222583,17126
545123323,17128
808863132,17131
829261568,17145
328031697,17170
861148586,17173
19716110,17178
829654096,17189
1740091,17199
767295184,17200
836611771,17203
855352978,17211
361100912,17251
869482964,17252
846784597,17264
768415079,17265
842392410,17290
833195887,17293
526573690,17295
525731704,17323
1197029866,17324
982928365,17336
797012416,17355
897469620,17362
886313402,17364
1198107303,17372
897008448,17373
525748864,17379
940331032,17390
500667223,17398
944519773,17399
961680814,17403
893754534,17407
4764392546,17408
892181133,17414
969717320,17424
1100149705,17428
938544668,17449
369583656,17505
18034423,17521
1609547,17533
937005175,17735
948180237,17736
933779068,17739
934425024,17740
940016527,17741
878388084,17742
923766107,17743
902800276,17744
941051674,17746
954953044,17747
927197931,17750
951714097,17753
732428186,17846
959911138,17863
18063793,17953
1776605688,18329
22874,18344
512671,18387
12169388,18415
1095261212,18433
1059920486,18434
1002006194,18438
1095280799,18441
985806762,18455
992438883,18456
985764858,18457
968914455,18460
467188862,18463
893591990,18464
953113361,18465
923621545,18467
1419378,18468
525728334,18471
973457658,18472
981352773,18473
975086383,18476
614284762,18481
525753922,18482
853378286,18491
956009265,18492
934900374,18506
1575607,18517
871651050,18523
1061260828,18527
928959825,18530
554129906,18532
862176034,18543
554108990,18547
875962621,18564
967325432,18566
648391472,18570
927202690,18573
921835392,18577
1003537222,18579
981349134,18580
703518151,18587
994713561,18591
856854818,18593
19706388,18594
869639170,18598
979321843,18601
995173008,18622
871651040,18623
1005066588,18624
1005904987,18632
1105672514,18634
686429496,18637
675137851,18638
862458603,18639
685617554,18641
903575466,18643
19654163,18644
22331913,18672
1046922883,18692
871651063,18704
1213510475,18709
1011690845,18717
1059926641,18718
2001436,18728
1016423848,18735
1103557800,18746
1100173846,18754
1093691131,18756
993906755,18767
1068892864,18776
808864666,18777
923694784,18800
1046828964,18805
9876222,18807
1046888265,18808
1073293399,18809
1050351951,18815
1053602693,18820
1046828945,18822
439980676,18823
1056184646,18825
1021077243,18827
1224741468,18835
1097974036,18842
1046921285,18843
1047569447,18844
1067288520,18847
703432716,18849
1046915612,18851
1062950651,18855
1050039550,18864
322943412,18876
1005879095,18877
679943096,18879
1093668013,18880
1071807524,18896
1097947249,18933
1093577475,18949
1020074994,18950
560360003,18956
1063987158,18962
919717444,18963
722624967,18975
551097204,18976
861412197,18991
1004228856,19000
1046892125,19002
1049966426,19012
129213,19069
2246121,19079
1096865695,19192
528320699,19193
1230825044,19205
884899449,19206
938229116,19208
1107079715,19212
1026145619,19225
961678674,19227
961678672,19229
862816096,19240
1055227564,19254
1046915822,19261
372359454,19277
1566386,19294
364096919,19297
859309669,19301
869345,19304
719842,19305
16709748,19311
616449629,19316
1109441979,19393
1046915958,19409
1055475674,19412
961678675,19425
1115118624,19428
1280966668,19437
1260220073,19443
1093605689,19451
1094801916,19452
447943768,19455
1198137406,19462
1112509745,19466
1113710828,19471
989673134,19473
1088977616,19474
1192689986,19496
1107973915,19512
1120538290,19516
1593090,19517
1115366984,19518
878253316,19520
1337735904,19530
1144317057,19535
1028425213,19558
1121769090,19559
129575,19561
667988194,19576
1097940768,19588
1212042396,19592
1127096058,19627
1121724819,19655
1241540786,19656
1216573631,19658
1093615512,19660
1139566979,19665
1061293577,19679
1670190,19692
567521535,19740
881868617,19742
66612030,19765
1125586154,19774
19672667,19780
1116443992,19781
1099911526,19782
1067340741,19796
871999187,19797
1134946082,19798
936854879,19801
1314587305,19851
503300729,19853
3411808268,19856
1029530507,19859
1150722607,19869
1136118813,19870
1464179042,19946
1224725280,20125
1055245024,20128
1123511229,20130
1359795506,20131
18189789,20133
988713027,20155
1162247512,20188
1123602628,20191
1137210596,20192
12104288,20215
21874684,20256
1213508990,20259
1140832592,20270
859055797,20271
961678612,20290
1134779686,20295
2029471,20298
1245176920,20309
1166402807,20400
272186,20465
1144835517,20480
1141908436,20496
1147272775,20511
648409920,20533
999591761,20580
1163919171,20619
1166243325,20620
1130605401,20632
1136118811,20678
1198220827,20686
1163211608,20908
1179062572,20913
1517518739,20930
1177700528,20943
1165890210,20947
1141908427,20948
1177700718,20950
679941634,20962
3418612501,20982
5420340343,21347
1515425,21357
512082756,21385
1217652900,21492
1046916173,21496
1184589848,21497
1184589849,21498
1181690359,21499
955495,21575
2036866,21603
829526,21604
1226188683,21621
1166246859,21622
1191466610,21653
1220627624,21655
731115961,21673
442234,21688
22599852,21701
939806178,21705
919700220,21707
733452454,21719
921190852,21723
1320959,21730
1260220079,21783
1192739792,21786
1206758414,21787
1217649358,21825
1217958782,21826
1130674119,21832
1169768135,21867
1046916063,21869
525744286,21889
419652,21914
1208842698,21922
1199581670,21936
1245086418,21938
809531115,21944
1123387809,21971
1217510971,21974
1233324963,21997
1252647227,22010
1295887287,22013
1260220070,22030
1231907291,22032
1204349512,22037
2486233,22062
656413713,22140
462241,22143
445483,22154
1559578,22229
1930588,22243
475530,22253
22294568,22255
14692348,22266
1444226,22330
1207811900,22375
688190670,22382
1230209617,22423
1314591463,22437
1226633849,22438
1314593371,22445
1243330216,22456
3616711199,22467
37367,22468
427674,22469
1230825440,22501
1269130316,22505
1020052791,22517
1840077610,22518
1234062396,22519
1270885003,22522
1259526904,22525
894648019,22530
1292119573,22554
1265752440,22589
1230858412,22596
319665707,22605
593542918,22606
1243506853,22631
1961388,22635
1378768795,22646
1385465053,22661
1251206540,22750
2088092,22752
1028425225,22762
1414406239,22765
1187938640,22938
1293726485,22939
1181935706,22959
1279830061,22960
1284690114,23166
1282839934,23167
1334043671,23170
1314588256,23171
3499148769,23176
1268815416,23177
1294079757,23180
1385450187,23181
1334042768,23206
1268800511,23210
1270233901,23222
1290794750,23223
1061429750,23236
921205364,23247
2014475660,23248
1243427996,23259
1270826024,23263
1288436791,23267
1284475547,23268
1385501650,23269
1303016822,23296
1300359760,23299
1339294405,23309
1016822331,23323
477611711,23325
1290681586,23326
1211578430,23343
1303125408,23361
22170307,24051
1337782100,24105
1306580393,24455
1332060180,24461
981411957,24487
1305542910,24504
1123390727,24507
1316325376,24509
689107493,24510
1217878487,24511
1485745976,24531
1334328157,24536
1316818879,24548
1331829375,24549
1217596143,24553
1312990812,24631
1318520242,24658
1334034689,24720
1339131254,24746
1339133081,24747
1336114833,24762
1326797551,24764
1483205887,24770
1327108063,24777
1339110685,24786
1172774992,24787
1469959211,24789
1315014275,24792
1375397119,24803
1346387533,24809
1309829620,24827
1344344594,24831
823656203,24835
1483127615,24844
1343837855,24849
1364172260,24850
1372281231,24856
1347879462,24866
1349860799,24868
1208841559,24875
1301389337,24879
1339368591,24887
1305540986,24898
1362439505,24978
1473615062,24981
1381037407,24982
1346358654,24991
1031299264,24992
1364038548,25000
505583022,25003
1547364118,25011
1367267074,25021
1130658346,25046
1356289397,25047
1339317799,25064
4024584179,25067
1369990741,25074
1198087566,25084
1354633517,25094
1370174316,25095
992175959,25109
1393536880,25114
1241196053,25120
1405450185,25122
3564593862,25207
1222804381,25221
1302859170,25281
12085499,25450
1311269777,25509
1378229203,25510
1376678687,25528
1420785608,25560
1054835110,26675
2013555175,26948
1432059764,27178
1029087865,27208
3569655223,27311
1290521893,27331
1483040256,27529
1428259491,27541
13135147,27575
21484718,27576
3771831827,27589
1376679510,27630
1386541792,27631
1485745876,27638
1765632612,27642
1394466767,27669
1389332325,27699
1413018577,27877
3408586526,27901
1381995512,27911
1384595867,27913
1034884032,27925
322348114,27950
22265203,27959
1416386809,27964
1390744074,27965
1400533951,27971
1252237016,28015
699892910,28130
1393532586,28192
795645416,28194
1414819547,28196
1451530927,28198
17672873,28210
12020509,28263
1234040475,28265
1241122187,28285
1547411547,28290
1256118358,28303
1460764265,28310
1430108148,28312
1129943577,28316
1475322948,28343
1451685009,28349
1452931257,28352
1449204618,28353
1468794313,28469
2209897,28537
1473426877,28538
1290936479,28725
1485725960,28759
1481276044,28762
3611845896,28778
1481276058,28785
1486266385,28812
1390596428,28814
3605342010,28815
1547424155,28819
1473103865,28821
1446077437,28828
1252317150,28831
1492287465,28832
1477728923,28850
1380048335,28855
1477728965,28856
1497874299,28867
1941528136,28874
1497874863,28874
1487378924,28883
1479417183,28887
1473156690,28889
1495288083,28899
1501836053,28903
1492319055,28907
598253536,28908
1059942569,28917
1503247624,28937
1055852389,28938
1539704524,28943
1510042873,28946
1337650622,28956
1931861770,28958
1492457501,28979
1515699759,28986
1520704168,28987
1538366360,28990
1504805921,28994
1518860965,28995
1137933137,29061
1300378751,29084
1620536777,29087
1529222588,29166
1528666231,29196
1375024312,29217
1536805125,29219
1509354673,29220
1533003262,29221
1380051041,29238
1311256119,29241
1520457112,29342
21645683,29433
1527045642,29445
1529704172,30104
1532955289,30111
1650374,30320
1527059038,30346
1172907250,30348
1523907639,30355
1534806993,30357
313135654,30361
1487773498,30362
1539900903,31115
1053491950,31122
1460569521,31202
445464,31208
1654352126,31697
1444810721,31699
1218565117,31706
1648269125,31711
1490897936,31720
1034906041,31730
1463600052,31734
1512752716,31825
1656188393,31876
1629055076,31880
1449507330,31884
1636364770,31888
1612167851,31892
1705935184,31923
1644055773,31924
1686140971,31928
1523559949,31934
1460465945,31939
1690439203,31943
1506245649,31979
2345764,31988
11828166,32183
1509527659,32189
1643251669,32191
1707938383,32193
1643726373,32194
1672161559,32195
1529414149,32200
1339714898,32233
1692723240,32235
1682474721,32249
1700250489,32253
1683114592,32270
1491143739,32469
1727568589,32474
3591543368,32479
1475299629,32482
1523564586,32490
1733576785,32495
1490897032,32496
1490454923,32498
1635976005,32501
1703517839,32517
1234358239,32522
1685599422,32523
1685599402,32524
1491142486,32552
1697658096,32555
1693274276,32561
1707856410,32575
1491142090,32584
1707856810,32586
1491142334,32615
1748341669,32621
1463986562,32622
4092282937,32636
1851660689,32680
1765601814,33291
1760775072,33295
1762496764,33351
1750067904,33353
1762633561,33354
1744820543,33356
335632198,33366
1736511699,33387
1517406095,33391
1012244063,33395
1793393864,33419
1179547734,33420
1758273834,33443
1769586043,33444
1839280286,33701
1501835939,33708
18045338,33719
1717457320,33732
1791313142,33757
21915862,33769
1788969477,33776
1798277956,33826
1793263358,33860
996135651,33861
1775207808,33863
1837139583,33879
1487657382,33887
1239846477,33894
1386748905,33912
1517522178,33925
1149563673,33937
1441656907,33946
1813595260,33947
1905001930,33951
1922970,33952
1491143983,33966
1490897286,34011
1872312692,34020
1487656566,34421
1872312680,34440
1843557728,34445
1868202284,34465
1837247795,34470
1830480609,34484
1847892430,34525
1867541074,34526
1862184436,34546
1866720269,34553
1866681304,34564
1921455782,34608
1906628845,34614
930115913,34619
465568,34635
1922217909,34665
1490462137,34669
1490456729,34686
1895176505,34727
1921449393,34734
17739095,34735
1864474241,34794
191363,34814
1337879177,34858
1939095501,34863
1926128861,34864
1490899728,34887
1967559176,34889
1894982068,34907
1933483986,34948
1921452309,34949
4670238906,34951
1964630865,34970
1854020029,35081
21915155,35098
1969827378,35115
1980005581,35164
1226650580,35165
1447620390,35168
4665171319,35177
1839280278,35211
1231697122,35220
1629151988,35221
1504986737,35222
2027077835,35254
1991882750,35256
1536664734,35272
1893132809,35302
3244649233,35307
1998945385,35330
1533122013,35355
1490899636,35374
3520346136,35394
1527043444,35428
1850346354,35440
1946114278,35442
1829581290,35449
1870399625,35452
1848128310,35472
1490462117,35482
3154431779,35494
3204075447,35495
3154435189,35498
3157038893,35508
1533203635,35510
1909637604,35539
3185050578,35548
4318794845,35551
1405675981,35595
3206805400,35611
1491141480,35612
1909307578,35645
1539871066,35657
3204378068,35663
3157396031,35674
3197039335,35700
4488206699,35717
3295008523,35722
3337581702,35737
3206668963,35741
3209087743,35748
3210612242,35758
3210517302,35775
3233465825,35776
3214605557,35789
2098217815,35795
2017654117,35801
3241943260,35802
1490458243,35825
1762544162,35848
2026577322,35849
3333164332,35883
3259169612,35887
3256810783,35889
1718566984,35929
3318171758,35935
1490904107,35949
1356562492,35955
3364523791,35964
3263374127,35967
3256207692,35968
1490462229,35972
3283901415,35976
1547465712,35991
4273812695,36000
3302654582,36002
1768233656,36021
469519,36028
4058330100,36077
1181383236,36180
18116877,36209
464705,36212
3277855601,36229
3443319648,36242
3174420264,36251
3256205500,36269
3283523828,36275
3322161061,36292
1640295413,36294
424761,36324
3275666942,36362
3332828522,36392
1490894384,36398
3343010171,36410
3278163685,36411
1982128241,36447
1465989372,36474
3277799182,36499
1945933837,36501
3288943364,36502
3357945620,36535
326581098,36545
1972574628,36593
3411752978,36611
224264,36667
1487657036,36673
3394688403,36676
3496468947,36683
3383329324,36704
3427079299,36725
3402320520,36727
3414810357,36729
753285,36738
222512,36748
3371221507,36757
2003666202,36758
1460984391,36773
822401,36778
3258985978,36781
3223796779,36816
3452761026,36859
3410253489,36876
1508152109,36881
3312795169,36961
3458301993,37056
1708133512,37068
3478582593,37233
1487856874,37344
1776133141,37350
282631,37387
4337098223,37388
3452723211,37424
3480457144,37431
3567035343,37437
1501846010,37443
3152013918,37501
3657379380,37502
3589247711,37506
3587867209,37507
3458114940,37516
3447018483,37518
3545772607,37519
3355628989,37530
3536927432,37543
3589250783,37550
3569640328,37556
468096,37586
3596294386,37587
3572059059,37609
3597301917,37638
3709278889,37677
3761754417,37692
3522343099,37693
3174420268,37702
3590259252,37707
3654429440,37708
1686752722,37710
3572069300,37711
3641352466,37755
3447018598,37767
3893368106,37774
3912405551,37781
3673686533,37831
1538366388,37832
3505269018,37838
3505255110,37844
1967252876,37872
1846424,37873
3233111776,37887
3383389153,37890
5821811683,37893
3537445761,37894
3951420961,37907
1037972303,37910
3950194039,37919
3358209913,37938
644095832,37942
3923948349,37960
1748117767,37964
5056767604,38073
3365315632,38142
3575880178,38174
3953142319,38187
1229310,38242
2270925,38426
3380259861,38446
3927303384,38448
3763789940,38449
3923880835,38483
3537303730,38491
3355649171,38492
3958169892,38498
3517486700,38514
3931296062,38518
3995456101,38526
3283811209,38531
3573865370,38545
3187093644,38553
1916247180,38656
3944320436,38666
5282208523,38697
3590121532,38710
4022084615,38733
4004428408,38738
4042622963,38742
3505276203,38780
4007533516,38790
3302661325,38805
3413972941,38844
3958610521,38846
3958606470,38850
3557561592,38853
3171632162,38855
4075619478,38883
1474158,38899
3983343745,38902
1927521,38920
1640178692,38933
3376981075,38941
4019759530,38950
4066383200,38987
4009958651,38996
4067144999,39003
3666155186,39085
556693126,39111
4153433459,39168
4042623146,39171
4100477783,39173
4066390701,39184
1215738,39190
4194269696,39194
4092321206,39194
4027486178,39196
3629839429,39197
4064996367,39206
1760312566,39215
4027486220,39225
4129844772,39238
1872051366,39243
17262382,39244
2370979,39256
4167191014,39262
4098191774,39263
3936106146,39264
4116151087,39269
4019741263,39270
3643227631,39276
3358209498,39286
3233131240,39306
3233172879,39380
3525200034,39405
4201481310,39496
4057903328,39567
308162400,39730
1409562650,39745
1269935053,39746
3191313310,39783
4201480892,39785
1144488067,39801
4141615296,39817
673427,39843
1490463627,39950
4064713484,39951
303142952,39957
1628528015,40010
4063222009,40510
2038119439,40575
434022,40594
2406172,40602
1799752,40606
3395951402,40690
922641033,40707
2080505075,40767
3757890479,40782
6376932464,40820
3598869191,40835
4181678837,40836
4153451635,40845
4194559726,40940
1499830039,41051
4273178186,41059
4212134697,41094
3967846936,41097
4264581489,41135
4227143364,41136
1183674767,41147
3631069788,41153
4322734770,41157
4201481008,41158
1218717906,41176
3936063681,41194
4212450917,41213
4267869692,41223
3147098619,41248
4351369852,41254
702263,41276
4201480518,41335
4358921941,41338
4200365815,41350
4248442846,41353
1940269639,41466
21478060,41467
1733757884,41496
4313955487,41502
4270380126,41547
4257461308,41552
1961578961,41635
1485618077,41641
4350381633,41666
2119384,41668
4366050225,41704
4377754919,41742
4334053231,41747
4387128769,41762
4114228313,41771
4324136132,41772
4324137216,41773
4324137220,41775
4324136138,41780
4103016435,41783
638479011,41790
4364016906,41802
3426940177,41818
4418237546,41821
1759260,41829
3598912438,41839
4326534128,41842
3222902436,41843
4342248103,41846
3333814532,41855
3288789745,41858
129642,41861
1805326002,41952
944432941,41986
4166088040,42072
4347828511,42078
4453336433,42213
4486055148,42391
4353168625,42398
4486651608,42446
4478455178,42475
4441883716,42477
1737303898,42492
4255553283,42500
4452652566,42502
4386522577,42532
4459607145,42536
4059353035,42584
4544974216,42597
4399799391,42609
13018106,42668
3465859621,42717
4294816925,42732
4470835165,42733
1566637,42735
4046479920,42749
428151,42843
1373748,42847
1221887023,42848
4501611638,42849
4453438603,42885
273389,42894
4492219839,42936
4347252565,42966
2440473,43029
260697,43057
4320822911,43060
13928890,43063
4007516256,43067
1793261115,43122
3254988480,43148
3915517663,43162
4515135274,43178
4625328013,43226
4485579968,43279
3771961899,43297
4345696968,43312
4634828191,43318
4602250367,43348
4656847846,43349
4463701547,43370
3631073658,43381
4200389476,43386
1747840584,43395
4716495348,43444
3370061383,43467
4594280636,43475
4470362688,43481
4625328025,43482
4097465556,43489
4656596909,43524
4310580301,43525
4087446701,43586
4470456428,43588
4613211085,43591
4703696907,43595
4780657907,43599
3469817500,43605
4664962205,43606
3752818055,43607
4470318450,43609
4698165191,43616
4681833892,43618
4784200447,43623
4755463509,43633
4676711284,43634
3909804899,43635
4680531278,43638
3481791912,43650
3709278889,43658
4869328834,43663
4057895882,43665
3232126698,43669
3591573450,43707
4762612652,43722
4658166755,43726
4780984159,43737
4518804690,43756
4758653454,43760
4360049067,43783
4629425025,43790
4860647105,43795
4689116946,43796
4148717681,43803
4767577555,43808
4819405128,43819
3598772925,43826
4860809333,43852
4805776002,43863
4676229767,43882
4733252631,43959
4492566390,43964
4974315111,43969
5026723028,43974
4937454861,43978
4999979206,43987
5001251058,44001
1644799099,44051
19093114,44073
3346821367,44227
4347252825,44236
4720293976,44249
4414615274,44251
4928593184,44253
4720286053,44261
4173267622,44278
4941123880,44281
6097940162,44289
4689016255,44291
3411257928,44298
4977870842,44311
245754,44325
5100902885,44327
5000645781,44331
4595435050,44349
4107186350,44427
4901925353,44429
4901207204,44468
1107158,44514
4508378268,44534
5055850942,44536
4987803057,44544
5116380980,44548
4112878875,44558
6899551219,44563
5103254121,44566
4999307779,44571
5116371572,44584
1864674499,44594
5154916136,44596
4733376544,44600
5100969234,44601
4754110371,44611
3777951071,44614
5088918329,44620
1116168,44621
5173170455,44629
3371672854,44686
5261143647,44703
5178413310,44720
5480480535,44724
5139378335,44727
5480482166,44729
5200050976,44733
5184058090,44742
49551,44748
4871576975,44750
1107155,44751
1279939156,44755
4910688510,44766
5312417033,44781
5239558824,44787
5240256468,44812
3641646767,44843
1095097639,44844
1483211045,44846
5289179439,45381
5294816960,45426
952680933,45654
5452680682,45661
5407897123,45676
781334940,45709
1530735,45800
4653223285,45818
5376205970,45941
5407897123,45958
5381404716,45959
5376205974,45963
5277169110,45987
5538813022,45779
1369969,46458
4614917678,44769
1930683,6098
2363894,9014
8997162,9850
2414776,10200
4058329256,36094
16738994,17357
5337507564,45943
4607821614,43714
5219875272,45642
1117971,43789
5672718332,46771
296749086,16703
1244995629,27565
424952,23089
820235908,27189
4563630438,44875
5623373231,45948
5721688936,47297
4835465601,43712
242318,47640
1623533,47701
18073658,19704
383549453,14518
4524138849,43716
5823313368,46770
438295376,15627
5058582420,47983
371360107,19745
19978168,17517
5755769027,48053
3849559600,48061
2015142991,37922
4856010444,43713
5022439749,46510
5849850565,48218
5837494856,48208
1749369,48132
1768358,48149
3192225023,48158
5240242017,47709
503134620,36766
4537325978,48078
1542617982,29003
5681581196,48316
5812368404,48317
795383745,17990
5444096978,48481
6007941097,48507
2311196,1208
5921330751,48312
4812205423,43614
6038869911,48759
5931501209,48313
6140645563,48879
4843188320,48990
4525745090,48999
6140717480,49013
2015111626,36444
2012000102,35172
5368494862,49003
5782153546,49163
5131546171,49162
2001797,213
6152674993,49880
5435974136,49911
4098586135,49910
931498829,49909
6153948993,49969
6225529189,49951
6245798852,49950
6245810626,49949
6245795730,49947
4677868721,49946
6105141784,49980
6125184739,50093
5946384927,50091
483743,1951
6146738394,50092
6278349113,50083
1332148093,50190
6125184753,50191
3929021483,50192
6159029675,49976
5799061511,50163
4573033145,21382
1897763,50226
5728509437,50282
5957184514,50225
5508880570,50280
4507943307,48996
6252797471,50400
4720316600,50410
6231666030,49973
5905633221,49945
6278188013,50292
5727852292,50283
4884086666,43738
6285676167,50497
5708873835,50486
17400787,48841
6330788794,50503
4036767850,50500
1249120,50203
5982544902,49147
279809,50484
841334,50425
1921431,50123
508391,49927
299772,50174
6343443417,50444
67120971,50454
11744117,49022
4202040249,50532
6279310915,50553
5238793413,50608
6338952279,50612
6343460122,50609
6262446934,50635
5637688545,48881
11972407,50672
5642266721,50669
5518495050,50775
1459003880,35028
6322612916,50847
6469426119,50873
6376963331,50868
6380217395,50869
4424623815,50867
6469450004,50866
6225274936,50850
6162769126,50494
6341464942,50890
6338951313,50889
6285736589,50613
5145617728,50896
6300265513,50915
6390495862,50913
6262450615,50914
5709784152,50926
5089337171,50972
6738225678,50965
6335439121,51003
6421570369,50971
6097691141,50970
6421570335,50969
6232254470,50968
6409261704,50966
6015772285,51017
6385166365,50923
6366284540,51025
22592586,51028
473322445,51082
6469276706,51058
6363757302,50880
6419992818,51113
1680690995,51126
3506366605,51137
6393212280,51050
6015729795,51142
6469271590,51138
6454623822,51176
6454623879,51175
6465401477,51208
5871208019,51206
6369015582,51163
5753538652,50881
6386373848,51231
1311699897,51225
5301000777,50540
5238792288,51253
6232291549,50949
6335463192,30057
4985893361,51365
6038647314,51141
5518510829,51205
6318715070,50854
423459,17113
4977409919,52140
6125951762,50910
6108010615,52343
6499679898,52344
6030793545,52490
6366268217,52527
5313405850,50758
6537697620,52574
6583623367,52713
6572051441,52733
5855724563,52721
6038836143,52739
6655763497,52781
6598803010,52342
6646585980,52979
6618292701,53012
6737347807,53008
1852917904,53029
21514028,19743
5552681156,53076
6680649082,53094
6618434063,53280
1886144721,53402
1261481441,53398
5849065442,53397
6642680154,53605
1897555369,37578
5138478799,53661
6766541360,53701
6836481461,53694
6878203640,53741
6676546118,52724
