HuluTitle,HuluOriginalPriemierDate,RoviID,Site_id
White Night Wedding,2008,2467209,1514676
Dans Paris,2006,2190351,1514662
Vampires,2010,11938581,1514675
The Time That Remains,2009,17998962,1514157
The Myth of the American Sleepover,2010,11739149,1514674
Turtles Can Fly,2004,1811317,1514131
The Overbrook Brothers,2009,8874237,1514156
Rain ,2008,2382479,1514155
The Chateau,2001,1567766,1514063
Someone Else,2006,17236432,1514121
We Are What We Are,2010,18206339,1514115
Puzzle ,2009,10755593,1514113
The Princess of Montpensier,2010,18902401,1514103
Stung,2015,1496943429,1514110
Accomplices,2009,17867302,1514108
A Year Ago in Winter,2008,17708329,1513918
Walk Away Renee,2011,19927982,1514107
Unmade Beds,2009,2417427,1514109
The Standoff at Sparrow Creek,2018,6811150596,1512699
The Man Who Killed Hitler and Then the Bigfoot,2018,6387395369,1512702
The Appeared,2007,13022421,1511359
Johnny Mad Dog,2008,13050324,1512620
Manglehorn,2014,1180776327,1511358
Leaving ,2009,17075175,1513547
Hellions,2015,1389712061,1512622
Death Bell,2008,12248440,1512619
Faintheart,2008,385019,1512615
Killing Them Safely,2015,1496943411,1510313
Evolution ,2015,1843847348,1512616
Letters to Juliet,2010,422533,1508314
I Remember You ,2017,5278707780,1513543
Bunny and the Bull,2009,8875211,1513545
The Childhood of a Leader,2015,1814523174,1512613
Beyond the Gates,2016,4055769191,1512611
Prime,2005,1908781,1508610
A Little Princess,1995,425995,1518257
The Polar Express,2004,1748848,1508609
Out of Blue,2018,6474367848,1500749
Diane ,2018,5961295406,1507676
Rules of Engagement,2000,1220799,1505930
88 Minutes,2007,2324938,1508092
Minority Report ,2002,1483520,1513952
The Brink ,2019,6957814134,1515213
The Sum of All Fears,2002,1464849,1505928
Into the Blue 2: The Reef,2009,2474977,1513954
Terror in the Woods,2018,6503915010,1512163
Terror in the Woods,2018,6503915010,1512163
Stalked By My Patient,2018,6790565728,1512006
Swimming With Men,2018,5845478904,1484441
Mission: Impossible III,2006,982759650,1486636
DriverX,2017,5323108016,1483746
Good Luck Chuck,2007,2228679,1487174
My Best Friend's Girl,2008,2352100,1508316
Cooties,2014,865745523,1508317
Billboard Dad,1998,1093136,1481091
Dragonheart: A New Beginning,2000,1220203,1496608
The Good Shepherd,2006,2121961,1499948
Kindergarten Cop,1990,472560,1496606
Dragonheart,1996,422594,1492615
Dante's Peak,1997,430975,1492613
Vox Lux,2018,6398022002,1496603
All That We Destroy,2019,7347673373,1477689
Vice ,2018,6451907279,1493283
Straw Dogs,2011,402343,1492612
District 9,2009,2397023,1496602
District 9,2009,2397023,1496602
The Clovehitch Killer,2018,6413387683,1479390
Astral,2018,6565427631,1482695
Semi-Pro,2008,1022080348,1492617
The Lonely Man,1957,1074247,1485523
True Grit ,2010,982759672,1479878
Fair Game,2010,13489080,1476662
Waiting...,2005,18791972,1469861
The Ghost Writer,2010,10146729,1476579
No Strings Attached,2011,982759665,1479872
Backtrace,2018,6594254453,1483744
Tracers,2015,1064713201,1483745
Woman at War,2019,6071120549,1515212
The Spy Who Dumped Me,2018,4804593072,1479874
Juliet Naked,2018,5629590317,1479875
Jackass 3,2010,18890990,1479876
I Still See You,2018,5809888780,1485522
Along Came a Spider,2001,17610289,1476578
The Oath ,2018,6232659312,1465776
Spirit: Stallion of the Cimarron,2002,1474691,1476656
12 Monkeys ,1996,428643,1476736
Drop Dead Gorgeous ,1999,17853671,1512634
Destroyer ,2018,6129758653,1465042
Highlander: Endgame,2000,1269222,1499947
Laddie: The Man Behind The Movies,2019,6518276889,1476658
Passport To Paris,1999,1184141,1476657
Switching Goals,1999,1128285,1476652
A Walk on the Moon,1999,1135345,1499949
Marvin's Room,1996,427767,1499950
Reindeer Games,2000,1213116,1492609
Kinky Boots,2005,1990312,1492611
Beautiful Girls,1996,422666,1482467
Iris ,2002,1449813,1484811
I'm Just F*cking With You,2019,7034770964,1460086
Border,2018,6024145117,1470741
Bernie the Dolphin,2018,6625386190,1491114
Zombieland,2009,17891615,1478875
Julie & Julia,2009,2397120,1476654
Action Point,2018,4933767950,1465799
Don't Go,2018,6518130692,1470729
Tea with the Dames,2018,6514264080,1452695
Dinosaur 13,2014,865745537,1465791
Morning Glory,2010,982759667,1465796
The Yellow Handkerchief,2008,333130,1465794
The Romantics,2010,9715568,1465792
Pledge,2018,6501848601,1465778
If Beale Street Could Talk,2018,6074696714,1451734
Weightless,2017,6174520011,1453331
Air Strike,2018,6424896823,1453330
Lords of Chaos,2018,5612711631,1514102
Prospect,2018,6108438189,1514047
Beethoven's 3rd,2000,1209670,1461033
Beethoven's 2nd,1993,465190,1454655
Beethoven,1992,435579,1454654
Waiting for Superman,2010,9715347,1453328
Steve Jobs: The Man in the Machine,2015,1461129042,1466487
Monsters and Men,2018,5629590201,1454388
The Next Three Days,2010,17894125,1453329
The Last Word ,2017,4270178497,1515053
Where Hands Touch,2018,6405260512,1445969
Not Another Teen Movie,2001,17892615,1442933
The Party's Just Beginning,2018,5853100775,1446590
Paranormal Activity 2,2010,982759680,1453327
Enchanted April,1992,464382,1465782
Welcome to the Rileys,2010,942217636,1456002
Overboard ,2018,5092590373,1453322
Case 39,2009,2396949,1453324
Finding Your Feet,2017,4955261792,1453323
Book Club ,2018,5760895339,1453326
A Quiet Place,2018,4933901803,1453332
Treehouse,2019,7076300825,1441410
Lego DC Super Heroes: The Flash,2018,5744350371,1438428
Lego Batman: The Movie - DC Super Heroes Unite,2013,982760380,1438427
Lego Batman: The Movie - DC Super Heroes Unite,2013,982760380,1438427
The Time Traveler's Wife,2009,338746,1453306
The Time Traveler's Wife,2009,338746,1453306
Ben Is Back,2018,6309123063,1482696
A Sister's Secret,2018,6335470150,1461363
I KILLED MY BFF: THE PREACHER'S DAUGHTER,2018,5995145315,1461364
Distorted,2018,5925833069,1439369
Ouija House,2018,6290018888,1444163
Unbanned: The Legend of AJ1,2019,5961295544,1431667
Assassination Nation,2018,5629590495,1450825
The Directive,2019,7128840020,1452694
The Unicorn,2018,5968529500,1479391
We Are Columbine,2018,7030138843,1466485
Astro Boy ,2009,2397159,1428604
Free Solo,2018,6451907024,1448304
Tickled,2016,3266980415,1439731
Chef Flynn,2018,5629590323,1454389
Dog Days ,2018,5768345481,1425214
Down,2019,7253881792,1423552
The Sicilian,1987,471047,1476647
The Sisters Brothers,2018,1828637728,1470740
Pick of the Litter,2018,5947976873,1424441
The Domestics,2018,4719914590,1433812
Acrimony,2018,4990054581,1433808
Middle Men,2009,6782335,1433806
Funny Cow,2018,5261621347,1461029
Painkillers,2018,6929027172,1461027
One Million American Dreams,2018,6864391908,1461028
The Last Animals,2017,4698273406,1478423
I Dolours,2018,6133235055,1443820
Gloves Off,2018,5353940036,1461032
Gloves Off,2018,5353940036,1461032
Gloves Off,2018,5353940036,1461032
The Last Sharknado: It's About Time!,2018,6334565885,1431838
Moss ,2018,4962802639,1433648
I Can Only Imagine,2018,5173313997,1433810
In a Relationship,2018,5961295396,1423529
The Reckoning ,2018,1066028,1424291
Three Identical Strangers,2018,5629590241,1439725
Against the Clock,2019,6832370555,1483749
Egg,2019,5961295394,1483743
Hunting Evil,2019,6855388940,1470732
Beast of the Water,2019,6814491463,1470737
Deliver Us,2016,5240482853,1431832
A Frozen New Years,2018,6662236092,1454386
The Confessions,2016,18544,1431833
Trigger ,2016,6662236096,1449933
A Cam Life,2018,6662236100,1454385
A Frozen Christmas 3,2018,6662236090,1446284
Alpha Wolf,2018,6625251225,1438921
Assassin's Revenge,2018,6316009572,1438924
American Exorcist,2018,6478054131,1438919
Defective,2017,5339143083,1431904
Ancient Aliens and the New World Order 2,2016,4892166663,1431829
The Icarus Line Must Die,2017,6074696924,1431831
Bad Apples,2018,5699851524,1431843
The Lullaby,2018,5805045510,1431845
Walking with the Enemy,2013,549103900,1412758
Goran,2018,4153865266,1431830
FYRE FRAUD,2019,6939017675,1413996
Forever My Girl,2018,4743701536,1412632
The Here After,2015,1527048406,1431828
Mermaid's Song,2015,6464620643,1432915
The Forest of the Lost Souls,2017,4866475325,1434244
All Square,2018,6011763954,1428185
Cruise,2018,6315033032,1419009
The School ,2018,6478054103,1439729
The Pagan King,2018,6405252635,1415665
Death Wish,2018,4767876814,1414957
No Way Out ,2015,3209322073,1450214
The Experimenter,2015,1389712049,1424486
Requiem for the American Dream,2015,1496943439,1438916
American Fright Fest,2018,6387393938,1438920
New Chefs on the Block,2017,4962802629,1438918
New Chefs on the Block,2017,4962802629,1438918
Face Of Evil,2018,6201367876,1438996
H. H. Holmes: Original Evil,2018,6289631148,1439049
Earth: Population Overload,2018,6405252587,1438917
Drinking Buddies,2013,1021222491,1405564
The Panama Papers,2018,6586816693,1439065
Next Day Air,2009,2397148,1409109
The Party,2017,4608506298,1414959
New Year New You,2018,359160874,1403677
New Year New You,2018,359160874,1403677
Digging for Fire,2015,1389712087,1439730
The Overnight,2015,1370825593,1408119
Thirteen ,2003,1568620,1476649
I Know a Woman Like That,2009,8874371,1403045
Two Trains Runnin',2016,5282148404,1403039
JACO,2015,1495560552,1403038
Every Day ,2018,5302601259,1414956
Alone for Christmas,2013,656920243,1412618
Flight 7500,2014,3452754840,1404269
Whitney ,2018,6146639900,1428192
Shoplifters,2018,5972735664,1449934
The Age of Reason,2014,971844829,1399852
Princess and the Pony,2011,17661826,1412615
Jurassic School,2017,4408327243,1412619
Le Divorce,2003,1565574,1476643
Revenge of the Nerds,1984,447213,1512667
A Charlie Brown Valentine,2002,241859,1412394
The Row,2018,5937745810,1401274
The Con is On,2018,5918746336,1401272
Measure of a Man,2018,5859815184,1401273
Cartels,2017,4896410624,1401271
Affairs of State,2018,6042019291,1401359
Shrek,2001,973899948,1402509
The Road to El Dorado,2000,1249933,1402507
The Prince of Egypt,1998,1116623,1402505
The Prince of Egypt,1998,1116623,1402505
Chicken Run,2000,1242557,1402590
Antz,1998,471702,1404266
Alvin and the Chipmunks Meet the Wolfman,2000,1258642,1441445
Alvin and the Chipmunks Meet Frankenstein,1999,1172618,1441444
The Last Airbender,2010,66064742,1407324
Mud,2012,982759782,1402499
Girl in Progress,2012,21805493,1402496
I.T.,2016,3953160375,1400355
Sherlock Gnomes,2018,1997036734,1402437
Ride,1998,463160,1391836
Harry Brown,2009,20541259,1391870
Operation Condor,1991,446545,1391837
Operation Condor 2: The Armour of the Gods,1991,467404,1391834
Annihilation,2018,5136811354,1402436
The Commuter,2018,1887626548,1407335
Every Other Holiday,2018,6688413143,1401383
The Truth About Christmas,2018,6621011828,1398980
Urban Country,2018,6228740899,1393217
A Crooked Somebody,2017,4962802583,1401318
Divide and Conquer: The Story of Roger Ailes,2018,6474367856,1451036
The Quake,2018,6913429673,1470738
The Quake,2018,6913429673,1470738
The Sweet Life,2016,1729985754,1503808
Stella's Last Weekend,2018,6478054274,1415666
Tangerine,2015,1370825989,1391871
Flight 666,2018,6012017636,1377263
The Little Death,2015,1186702184,1377839
Dead House,2014,6158290991,1377816
Tyler Perry's Why Did I Get Married Too?,2010,2456005,1394476
Iron Man 2,2010,2397091,1401276
Best of Enemies,2015,1370825651,1386608
Barbie in A Christmas Carol,2008,2400896,1394152
Barbie: A Perfect Christmas,2011,19967994,1393214
Barbie & Her Sisters in The Great Puppy Adventure,2015,1887886095,1393215
Anna ,2017,1528332254,1378019
Killers ,2010,13957053,1394475
Eating Animals,2017,5853101291,1401315
Damsel,2018,5629590309,1398338
Far From the Tree,2017,5432775293,1404225
Kick-Ass,2010,982760215,1371731
Tyrel,2018,5629590211,1465777
Zen Dog,2016,4502937289,1399857
The ToyBox,2018,6405252537,1423433
Bigfoot ,2018,6379072506,1374853
Downsizing,2017,3400001402,1371730
Tyler Perry's Boo 2! A Madea Halloween,2017,4918547151,1371666
The Devil's Doorway,2018,6105132240,1401311
Feral,2017,5995686239,1383799
Wonderland ,2003,1587626,1391817
The Wolfpack,2015,1389712085,1373963
Wonder,2017,3657361889,1371729
Made,2001,1355132,1368766
Johnny Reno,1966,1068340,1371667
Flesh & Blood,2018,4558659550,1371017
Illusions,2017,1078395,1377256
Species: The Awakening,2007,2218636,1371675
Tadpole,2002,1507973,1371137
Hearts Beat Loud,2018,5629590321,1402600
Undrafted,2016,3625097643,1386606
The Remains,2016,3709517727,1386604
Scenic Route,2013,438968199,1386607
Daylight's End,2016,3912718109,1386605
Damascus Cover,2018,5760895305,1381701
The Resurrection of Jake the Snake,2015,1432624128,1399853
Skate Kitchen,2018,5629590303,1401314
Second Chance Christmas,2017,5447464658,1393426
The Spirit of Christmas,2015,1978580091,1381639
The Secret of the Nutcracker,2007,2411383,1381775
The March Sisters at Christmas,2012,322970741,1381638
Rodeo & Juliet,2015,1970714164,1381636
My Dad is Scrooge,2014,1301227209,1381637
Married by Christmas,2016,4146476984,1381633
Girlfriends of Christmas Past,2016,4215800777,1381635
Christmas with the Andersons,2016,4273177796,1381632
Naughty & Nice,2014,1293416391,1381630
Back to Christmas,2014,1227848695,1381628
A Christmas Kiss II,2014,1227816298,1381629
Angels in the Snow,2015,1963870115,1381631
The Christmas Calendar,2017,5469180592,1381627
A Puppy for Christmas,2016,4234353854,1381622
Holly's Holiday,2013,322970482,1381623
Christmas Belle,2013,722467909,1381626
A Dogwalker's Christmas Tale,2015,1963870081,1381621
A Cinderella Christmas,2016,4230003167,1381625
12 Dog Days Till Christmas,2014,1279748226,1381624
Suicide Squad: Hell to Pay,2018,5692734549,1371854
EuroClub,2016,5805073946,1377255
Kusama: Infinity,2018,5968995385,1412517
The Spiderwebhouse,2016,5355760963,1380322
Yu-Gi-Oh! THE DARK SIDE OF DIMENSIONS,2017,3441262785,1365066
Yu-Gi-Oh! THE MOVIE,2004,1704304,1365094
The Rocky Horror Picture Show: Let's Do the Time Warp Again,2016,1954410879,1364430
Europa Report,2013,385522823,1377102
That Summer ,2017,5672796376,1374831
Ask Dr. Ruth,2019,7236266577,1447318
The Gatehouse,2016,4735525607,1376287
Cute Little Buggers,2017,5224239307,1382450
Curse of the Witch's Doll,2018,5676315876,1376288
The 13th Friday,2017,4107197223,1376285
Racer and the Jailbird,2017,5152256070,1368205
Burn,2012,21777327,1362855
The 12th Man,2018,5579255206,1369592
1:54,2016,3762571411,1377280
Ghost Stories ,2018,4217885051,1369571
Most Likely to Murder,2018,5087580598,1371800
Above and Beyond: NASA's Journey to Tomorrow,2018,5731776911,1398382
Results,2015,1389712123,1368206
Barbie: Mariposa and her Butterfly Fairy Friends,2008,12186620,1375491
Black Hollow Cage,2017,5220495743,1377264
The Revival,2017,5755772196,1377281
Italian For Beginners,2002,1467250,1369505
Barbie: The Pearl Princess,2014,802415697,1371802
Fred,2018,1198761282,1360490
The Body,2018,326316575,1356125
The Escape,2018,5752438249,1369570
First Girl I Loved,2016,3175876977,1357810
Swimfan,2002,1005746474,1493056
Revenge of the Nerds II: Nerds in Paradise,1987,423620,1496605
The Panic in Needle Park,1971,468259,1513953
Less Than Zero,1987,17894162,1485748
Independence Day,1996,422588,1493057
Brown Sugar,2002,1649158,1493052
Behind Enemy Lines,2001,982759591,1485121
Behind Enemy Lines,2001,982759591,1485121
Borat: Cultural Learnings of America for Make Benefit Glorious Nation of Kazakhstan,2006,2100164,1478426
Janis: Little Girl Blue,2015,1833499916,1362946
Awaiting,2015,3478817840,1360491
In Extremis,2017,4951390868,1360489
Base,2017,1092086,1360488
Respectable: The Mary Millington Story,2016,3447397824,1360486
Soufra,2017,5393402471,1374081
The Box ,2018,247024,1353918
Hitman,2007,1079702737,1496610
Hitman,2007,1079702737,1496610
Godspeed,2016,4062021332,1378179
Godspeed,2016,4062021332,1378179
Cartel Land,2015,1370825983,1380933
Bad Roomies,2015,1554939806,1359456
Larger Than Life: The Kevyn Aucoin Story,2017,5334914686,1373895
Rosy,2018,6208249869,1359454
It Came from the Desert,2017,5220495739,1359452
Sami Blood,2016,4042631052,1376284
Daddy's Home 2,2017,4499379286,1353974
The Mighty,1998,1100537,1371665
The Last Race,2018,6380290583,1454381
eXistenZ,1999,1128778,1369503
Dysfunktional Family,2003,224067,1371801
Nico 1988,2017,5129089822,1398262
Hot Tub Time Machine,2010,2473430,1351453
The Year of Spectacular Men,2017,4896410592,1357807
Baywatch ,2017,3235418866,1347500
The Escort,2016,4225850365,1359451
Under the Tree,2017,5129089828,1374826
Southbound,2015,1867718864,1357805
The Canal,2015,998214223,1357808
High Strung,2016,3195628078,1359449
The Night Watchmen,2017,3593640717,1363879
Pyewacket,2018,5331056103,1355929
Pyewacket,2018,5331056103,1355929
Lowlife,2018,5057390808,1355158
The Guilty,2018,5629590247,1439820
The Guilty,2018,5629590247,1439820
Say You Will,2017,5992444985,1395754
Baja,2018,6196483251,1362947
Who's Watching Oliver,2017,5001391285,1362411
An American in Texas,2018,6147612678,1401317
Winter Ridge,2018,6405252541,1398505
Killer Bees,2017,5953942943,1374918
Forgive - Don't Forget,2018,5189647275,1368207
Another Time,2018,6398021463,1412718
Alright Now,2018,6405252625,1409893
Along Came the Devil,2018,6217070896,1398264
Broken Star,2018,6098486264,1386609
Broken Star,2018,6098486264,1386609
The Gardener,2018,7262363820,1398389
Keepers of the Magic,2016,5256415826,1374852
Aliens and Agenda 21,2018,6182038068,1381702
Pixi Saves Christmas,2018,6568027897,1393029
Boom for Real: The Late Teenage Years of Jean-Michel Basquiat,2018,5140539940,1337853
Iris ,2014,1300541735,1348873
Beyond Paradise,2015,1472307910,1353035
Next Stop Wonderland,1998,472425,1355157
Daphne & Velma,2018,5879511589,1328802
The Miracle Season,2018,5291766626,1329653
From Paris With Love,2010,2463581,1328810
The Simone Biles Story: Courage to Soar,2018,5535980425,1349910
The Archer,2017,5164766618,1353036
Sorry to Bother You,2018,5629590207,1368208
For Colored Girls,2010,9715830,1330330
Cocaine Godmother,2018,4871437536,1349909
The Cleanse,2018,1136529757,1326641
My Little Pony: The Movie,2017,2038104916,1330337
Suburbicon,2017,4301940641,1330335
Jigsaw,2017,3856285023,1330331
Stronger,2017,1924175574,1328123
Lane 1974,2017,5035183624,1393219
Dust 2 Glory,2017,5342982787,1375487
Spinning Man,2018,5612711641,1332604
A 2nd Chance,2014,522281300,1353037
The Housemaid,2016,4065654735,1337795
American Bigfoot,2017,5200261243,1322698
Gemini,2017,6343274656,1344398
Barbie Presents: Thumbelina,2009,2454450,1361218
A Dog for Christmas,2015,3181415678,1391869
Art of the Game: Ukiyo-e Heroes,2018,5586056059,1324604
Active Measures,2018,6387405290,1327742
Love After Love,2017,4698273386,1341429
Midnighters,2017,6249161263,1326639
The Female Brain,2017,4962802591,1326637
Love Gilda,2018,6064134532,1413208
Love Gilda,2018,6064134532,1413208
A Ciambra,2017,4861945616,1323110
Bad Reputation,2018,5629590329,1417830
Mother Krampus,2017,5338622555,1323433
The Night We Never Met,1993,426224,1351325
The Time Machine,2002,1441833,1314480
Flower,2017,4698273346,1327741
Grace Jones: Bloodlight and Bami,2017,5004458590,1332602
Minding the Gap,2018,5629590231,1323509
The Beatles: Made on Merseyside,2018,7135699147,1316072
Mother!,2017,3232970175,1312732
Elf on the Run,2017,5493407261,1322701
Kept Boy,2017,5030675258,1322700
Luis and the Aliens,2018,5636308577,1381654
G.I. Joe: The Rise of Cobra,2009,2353993,1312736
Do You Take This Man,2017,3657361926,1322702
My Little Sister,2017,4192100847,1325027
Antihuman,2017,5240491838,1329185
Hunt for the Labyrinth Killer,2013,650703438,1323890
Crime + Punishment,2018,6421570343,1323868
Deadly Sibling Rivalry,2011,19769444,1322705
The Good the Bad the Weird,2008,2401593,1306885
Freak Show ,2017,5612026237,1315458
The Cage Fighter,2017,4857995886,1319811
The Midnight Man,2018,5273902359,1315452
Parks,2017,4769392653,1371349
Status Update,2018,5117637006,1308244
Devil's Gate,2018,4698273436,1315454
The Lovers ,2015,1171600685,1399069
Fan Girl,2015,1862604425,1307150
Crimes of Fashion,2004,1687044,1307544
Capture,2017,6133235049,1352173
Barbie and the Three Musketeers,2009,8417498,1305794
The Gospel According to André,2017,5140540008,1352134
The Ice Cream Truck,2017,4549092278,1323070
Gremlin,2017,4439932797,1323072
Don't Be Bad ,2015,4004391023,1322710
Circus Kane,2017,5024343779,1323068
#Captured ,2017,5131651246,1323071
Alien: Reign of Man,2017,4892196689,1323065
Hardware,1990,1075452,1336283
The Gift of Love ,1994,1083142,1307431
Three Days ,2001,1350849,1307481
Deuce Bigalow: Male Gigolo,1999,1181515,1302087
Support the Girls,2018,5964623888,1407336
Beauty and the Briefcase,2010,10648395,1306680
The Man Who Used to Be Me,2000,1191881,1307554
The Man Who Used to Be Me,2000,1191881,1307554
The Krays,1990,424933,1338607
Happy-Go-Lucky,2008,2352156,1328801
An Inconvenient Sequel: Truth to Power,2017,4374239026,1303158
Ballet Now,2018,6315335926,1303080
Sharp Edges,1986,6229683998,1309102
The Glass Castle,2017,4482163820,1309071
Road Games,2015,3204431593,1303723
The Wrecking Crew,2015,376174,1311141
What We Become,2016,1843847376,1357618
Shelley,2016,3484586572,1400102
Dementia,2015,1965058142,1298677
Passage to Mars,2016,3464652357,1298670
Narcopolis,2015,1789714098,1298668
Let's Be Evil,2016,3771838095,1400548
Marguerite & Julien,2015,1514815344,1303725
11 Minutes,2015,1846332903,1323085
Bare,2015,1496943487,1298672
Contracted: Phase II,2015,1758572149,1298671
Anesthesia,2016,1496943537,1313347
The Treasure,2016,7262358710,1298666
Baskin,2015,1839416203,1317023
Disorder,2015,300247,1401320
Dark Forces: Shadow People,2018,5858925117,1308249
UFO Chronicles: The Aliens Arrive,2018,5791638390,1307133
Bigfoot Encounters,2018,4565088514,1308248
Alien Invasion: S.U.M.1,2017,5464732243,1337793
Afterlife ,2018,6136699116,1341427
Women and Sometimes Men,2018,6136699114,1327643
To the Moon and Back,2018,4465312331,1323590
Perfect Bid: The Contestant Who Knew Too Much,2017,5608206278,1318302
Bodysnatch,2018,6146639898,1334361
Monochrome,2016,4906876969,1327638
Dating My Mother,2017,5991522701,1316915
Desolation,2018,4892746438,1319121
All At Once,2016,5858746256,1313832
Bluefin,2017,4217885123,1315453
Wraith,2017,4618202947,1319388
Natural Vice,2018,6146639892,1334360
Fishbowl California,2018,5991522707,1312812
Sheep and Wolves,2018,4219033878,1315449
RBG,2018,5629590333,1351315
Punisher: War Zone,2008,1014183479,1290470
How To Get Girls,2018,6810334724,1351314
Barbie in a Mermaid Tale 2,2012,66119960,1298367
Dive Olly Dive and the Octopus Rescue,2016,5804978866,1308982
Terminal,2018,4633703110,1316815
The Heart of Nuba,2016,5915147895,1302771
Bees Make Honey,2017,6343428370,1351317
10x10,2018,5756387688,1293403
Borg vs McEnroe,2017,4315677342,1298650
The Monkey King 3,2018,5579255102,1323064
Along With the Gods: The Two Worlds,2017,5466787707,1303745
The Thousand Faces of Dunjia,2017,5314421360,1293404
We Blew It,2017,5230001101,1281315
Ismael's Ghosts,2017,4756068248,1309166
Escape from Mr. Lemoncello's Library,2017,4099427066,1287719
Tiny Christmas,2017,5530520464,1287249
Tiny Christmas,2017,5530520464,1287249
Albert,2016,1370825625,1287657
Rufus 2,2017,4411507497,1284184
Legends of the Hidden Temple,2016,4242164742,1284183
Ballet 422,2014,996594054,1293395
Killing for Love,2017,1083186,1290060
Transformers: The Last Knight,2017,3217919702,1284128
Before We Vanish,2017,4769393132,1312814
Max 2: White House Hero,2017,4160494538,1282624
The Burbs,1989,438499,1281306
Lost in London,2017,4328999504,1276606
Lost in London,2017,4328999504,1276606
Precious,2009,2460711,1284138
Out of the Dark,2015,1180776293,1284123
Inside ,2018,6657255649,1281397
Shutter Island,2010,982759673,1293397
I Kill Giants,2018,5502550308,1288445
I Tonya,2017,5140539972,1276607
Sword Art Online: The Movie - Ordinal Scale,2017,3758906982,1271526
Sword Art Online: The Movie - Ordinal Scale,2017,3758906982,1271527
Periods,2012,1329117262,1271500
The Swan Princess: A Royal Myztery,2018,5756723176,1293398
Leaning into the Wind: Andy Goldsworthy,2017,4915455044,1308247
The Quest of Alain Ducasse,2018,5278707665,1352136
How to Be a Latin Lover,2017,3657361887,1269230
Here to Be Heard: The Story of The Slits,2017,5261621369,1263527
Into the Night: Portraits of Life and Death,2017,5733052091,1258807
Tiny Shoulders: Rethinking Barbie,2018,5961295472,1259954
Teen Titans: The Judas Contract,2017,4482631216,1277160
Lego DC Comics Super Heroes: Justice League vs. Bizarro League,2015,1399151031,1277158
Justice League Dark,2017,4006670384,1277150
Justice League: War,2014,998217712,1277154
Knights of the Damned,2017,5352737459,1271374
The Strange Ones,2017,18032640,1273168
Spawn,1997,446837,1281382
The Wedding Plan,2016,3998392377,1263597
The Hangman ,1959,1063925,1261883
Beatriz at Dinner,2017,4020138388,1263596
Lost in Vagueness,2017,5407770540,1263489
Slumber,2017,5353940951,1255391
Hollow in the Land,2017,5189647261,1255389
Foxfire,1996,433392,1256012
Baywatch ,2017,3235418866,1263595
Mom and Dad,2018,4438331889,1256739
Black Cop,2018,5189646913,1309721
Ma Ma,2015,1555896320,1352202
The Second Mother,2015,1389712045,1288397
Low Down,2014,865745795,1288396
The Other F Word,2011,18864200,1271499
Animals ,2014,1421183704,1269226
Curvature,2018,5353940953,1279302
Josie,2018,5804980004,1288441
Higher Power,2018,5924492655,1337644
Frank Serpico,2017,4698273426,1269126
Sniper: Ultimate Kill,2017,5184174908,1245478
Augie,2018,5388991947,1252236
Breakable You,2018,6963082408,1262530
Honey 2,2011,14717954,1247030
Barbie and the Diamond Castle,2008,11816448,1247084
Dina,2017,4374238932,1250474
Neat: The Story of Bourbon,2018,5278707818,1275504
Uptown Girls,2003,1567887,1244400
Starship Troopers: Traitor of Mars,2017,4910967334,1245476
The Relationtrip,2017,5537862157,1255108
Thelma,2017,5140540075,1256927
Take My Nose... Please!,2017,4910967328,1250475
The Big Wedding,2013,982759767,1244395
One Percent More Humid,2017,4698273382,1245475
Jane,2017,4861945763,1236032
Blade of the Immortal ,2017,4731616494,1237363
Thank You For Your Service,2015,1922448002,1238664
The New Guy,2002,1431043,1262529
The Master of Disguise,2002,1495944,1255107
Fame ,2009,2396997,1244381
Professor Marston and the Wonder Women,2017,4930108184,1240565
Hot Grease,2017,5233281983,1251199
American Folk,2017,4861945574,1275506
So B. It,2016,4221363972,1251303
Loving Vincent,2017,3371306894,1256738
Allure,2018,1383436983,1284410
Life Partners,2014,999680262,1251261
The Kill Team,2014,467519684,1237574
River of Grass,1995,474355,1237376
October Country,2010,422144,1237375
Le Ride,2016,3172393905,1298365
Hello I Must Be Going,2012,22254029,1237374
Permanent,2017,5008980564,1258804
Take Every Wave: The Life of Laird Hamilton,2017,4374239040,1269366
78/52: Hitchcock's Shower Scene,2017,5189647299,1258800
Grave of the Fireflies,1988,450907,1243579
Grave of the Fireflies,1998,450907,1243580
Cover Versions,2018,4767853091,1303679
Tommy's Honour,2016,4134319422,1235896
Aftermath ,2017,4622830387,1229963
Resident Evil: Vendetta,2017,4479865772,1245474
The Little Ghost,2013,653946109,1236383
Hunted ,2013,1105897063,1236384
G.B.F.,2014,449613039,1236385
Awakening the Zodiac,2017,4439932741,1245480
The Marine 5: Battleground,2017,4464412582,1245479
The Marine 5: Battleground,2017,4464412582,1245479
We Don't Belong Here,2017,4301940701,1245473
Fallen ,2016,5049257526,1245472
Fallen ,2016,5049257526,1245472
Golden Exits,2018,4374238900,1439745
Feed,2017,4114880105,1245471
S.W.A.T.: Under Siege,2017,4895666414,1245470
Kill 'Em All,2017,303534848,1245469
Rushlights,2013,506323304,1232785
The Hot Flashes,2013,441980703,1232738
Don't Blink,2014,1192958452,1232737
Dial A Prayer,2015,1438921859,1232735
Behaving Badly,2014,738578471,1232736
Behaving Badly,2014,738578471,1232736
Anna ,2014,1528332254,1232734
A Fine Step,2014,1029510163,1232733
20 Ft. Below: The Darkness Descending,2014,871488588,1232786
Force Majeure,2014,1092273263,1239727
Life Itself,2014,865745754,1239104
Please Stand By,2018,4181601743,1276600
F/X,1986,435188,1228630
Kidnap,2017,1219605384,1232069
Dealt,2017,947328697,1252237
Tom of Finland,2017,4275529807,1221266
Marrowbone,2017,5302601299,1320618
Matt Shepard Is a Friend of Mine,2015,715722235,1238665
Bridegroom,2013,467519276,1240595
6 Below: Miracle on the Mountain,2017,5165288057,1222527
Half Magic,2018,4438294821,1276604
Who Killed Nancy?,2009,402362,1228390
Habit,2017,5207620239,1247480
The Ghoul,2016,4461587362,1247482
Tales of the Grim Sleeper,2014,1198762942,1228382
iLL Manors,2012,22038751,1228386
EuroTrump,2017,6599736696,1293396
Long Shot: The Kevin Laue Story,2012,303438406,1238777
Hesher,2011,8875344,1293959
Mad to Be Normal,2017,4638459752,1276599
In the Fade,2017,4765330441,1269128
Everything Beautiful Is Far Away,2017,4962802581,1230736
The China Hustle,2018,5140540004,1315364
Run the Tide,2016,4177426344,1215841
Wolf Warrior 2,2017,5066556339,1234979
The Villainess,2017,4787873405,1223055
Running Scared,1986,430329,1214964
My Dead Boyfriend,2016,3768455178,1215175
Pocket Listing,2015,1310385402,1215097
Black Spurs,1965,1080237,1214973
Rebirth ,2011,18140111,1222522
The Exploding Girl,2010,2458768,1222520
The Swan Princess: A Royal Family Tale,2014,1072173230,1214113
Detroit,2017,3665209673,1225550
Overdrive,2017,3405826961,1214978
Christmas in the Heartland,2017,5298159570,1220746
The 60 Yard Line,2017,4816645468,1220255
Almost Friends,2017,5291238323,1238869
Charged: The Eduardo Garcia Story,2017,4926484098,1217452
The Challenge ,2017,4930108186,1206426
The Two Faces of January,2014,320636944,1220256
White Bird In A Blizzard,2014,865745898,1221484
Honeymoon ,2014,998214267,1220084
Gunnin' For That #1 Spot,2008,378928,1222521
Crash Pad,2017,4933005475,1210483
The Wiggles: Rock and Roll Preschool,2015,1426994607,1209837
Weiner,2016,3158404262,1216690
The Wiggles: Taking Off!,2013,5706007744,1209835
A Taxi Driver,2017,4978219040,1217926
Polina,2017,4181601721,1205049
Pudsey the Dog: The Movie,2014,733916892,1228380
The Long Way Back: The Story of Todd Z-Man Zalkins,2017,5574295555,1205748
The Rewrite,2015,1050718982,1198084
Oh Lucy!,2018,1046828099,1312813
The Square,2017,4743700702,1228556
Along for the Ride,2016,4005086767,1220257
In Country ,2014,1253042519,1205038
In Country ,2014,1253042519,1205038
Dogs on the Inside,2014,975098483,1205037
Bite Size,2014,1402697662,1205036
Bending Steel,2013,467519292,1205034
Advanced Style,2014,19095759,1205035
Heartland ,2017,3965396182,1199094
Drinksgiving,2017,5345808129,1220745
Frank,2014,861564175,1201741
Bitter Harvest ,2017,4197264896,1235570
Just Charlie,2018,4608920005,1255067
Boy Meets Girl,2015,1073788802,1198275
The Circle,2014,1249689020,1198278
Happy End?!,2015,1188090992,1198279
Boys,2014,1058909891,1198280
Boys,2014,1058909891,1198280
Five Dances,2013,369333667,1198276
Test ,2014,1220660978,1213054
I Am Divine,2014,22163963,1198277
Free Fall ,2013,322058315,1198281
Tragedy Girls,2017,4558659558,1222326
The Benchwarmers,2006,2021048,1214557
Soul Of A Banquet,2014,1216792373,1271501
Wendy And Lucy,2008,2397151,1205031
Polytechnique,2009,2414928,1205047
Eat With Me,2014,1188090995,1198282
Coherence,2014,837723910,1205046
12 O'Clock Boys,2014,432365565,1205048
The Diving Bell and the Butterfly,2007,2262567,1205042
Strad Style,2017,5345808119,1190904
A Very Cool Christmas ,2004,1740078,1188219
Home for the Holidays ,2005,2086178,1193203
Home by Christmas ,2006,2093975,1188217
His and Her Christmas,2005,1906140,1402433
Eve's Christmas,2004,1739842,1391872
Deck the Halls ,2005,1906138,1188215
I Am Alone,2017,1824011141,1193210
Chasing Christmas ,2005,1911341,1188220
Crazy for Christmas ,2005,1890124,1188218
Are We There Yet?,2005,1814862,1205043
Are We Done Yet?,2007,2173645,1205041
Are We Done Yet?,2007,2173645,1205041
Beach Rats,2018,4374238894,1216205
Ingrid Goes West,2017,4374238906,1205749
Afterimage,2017,4062021418,1205044
Literally Right Before Aaron,2017,4099011123,1195093
Night of the Living Dead: Resurrection,2012,1486475147,1197660
Ironweed,1988,473835,1197657
Night of the Living Dead 3D,2006,18561357,1198391
The Game Changer,2017,4377820556,1199507
The Game Changer,2017,4377820556,1199507
Witless Protection,2008,2303506,1196857
My Best Friend,2016,3625193065,1206403
Sordid Lives,2000,1555724,1226329
A Date for Mad Mary,2017,3643040718,1214068
Lucky ,2017,271134,1214559
The Hero,2017,4374238912,1186490
England Is Mine,2017,4841550759,1188983
Boomtown,2017,5078484419,1183782
Jingle Bell Rocks!,2014,837948179,1188737
Julian Schnabel: A Private Portrait,2017,4612876507,1201605
Legion of Brothers,2017,4374239046,1188108
Ragnarok ,2014,1081851061,1191603
Columbus,2017,4374239050,1185842
The Real Mary Poppins,2014,958352251,1193951
An Accidental Christmas,2007,2239602,1188216
Tiny Toon Adventures: How I Spent My Vacation,1992,1873630,1192117
Is This the Real World,2015,1421183722,1178844
School Life,2017,4360642523,1202121
Obey Giant,2017,5107539043,1170629
Their Finest,2016,4062021458,1170222
Frontera,2014,835560440,1183430
The Limehouse Golem,2017,4062021432,1190924
Living on Soul,2017,4962802595,1230737
The 13th Warrior,1999,1153179,1165567
Whitey: United States of America V. James J Bulger,2014,865745951,1172999
A Life in Waves,2017,4978219032,1172489
Man of the House,1995,1090683,1165553
Kazaam,1996,422623,1165560
Check It,2016,3424704816,1172516
It Happened in L.A.,2017,4374239054,1220258
Birthright: A War Story,2017,4981726451,1198293
Lemon,2017,4374239070,1193209
Superbad,2007,2211096,1183426
Love Is Thicker Than Water,2017,3987279376,1226285
Gilbert,2017,4698273348,1197116
Gilbert,2017,4698273348,1197116
Zero Days,2016,3590558696,1167116
The Spearhead Effect,2017,4849767659,1216211
Person to Person,2017,4654368106,1179145
Person to Person,2017,4654368106,1179145
This Beautiful Fantastic,2017,4134319420,1158163
The Quiet American,2002,1552776,1165577
Shaolin Soccer,2001,1658579,1165583
Proof,2005,323758,1165581
Whose Streets?,2017,4374238958,1172543
The Human Stain,2003,1600916,1146960
Random Tropical Paradise,2017,4866475317,1150846
The Swan Princess: Princess Tomorrow Pirate Today,2016,3582195549,1214556
Swan Princess: Royally Undercover,2017,4498947451,1213701
Under Siege,1992,465871,1146975
A Long Way Down,2014,6960664235,1153931
The Disappearance of Alice Creed,2010,8417422,1146141
End of a Gun,2016,3582195553,1148943
Rancher Farmer Fisherman,2017,4374239042,1160892
Man-Eating Python,2017,5178413280,1160891
Pilgrimage,2017,4698273432,1147701
Citizen Jane: Battle for the City,2017,4062021328,1170588
Butterfly Girl,2013,1023843485,1154134
The Oogieloves in the Big Balloon Adventure,2012,13944859,1148939
The Swan Princess Christmas,2012,1016064483,1165891
Pray for Rain,2017,4737893724,1139603
Folk Hero & Funny Guy,2017,3424704852,1154316
Colossal,2016,1940913995,1150795
Beacon Point,2017,3555348074,1141263
2:22,2017,4560143832,1162574
Cruel and Unusual ,2017,3140613554,1197667
Southwest of Salem: The Story of the San Antonio Four,2016,3430472851,1149720
Kiki,2017,3158404244,1142073
Nacho Libre,2006,982759658,1134202
In the Radiant City,2017,4062021446,1159235
Sanctuary ,2017,4483444104,1135074
Missing 411,2017,5007620099,1141300
Minecraft: Through the Nether Portal,2017,4684938047,1134712
Finding Kim,2016,4787378572,1136392
Food Evolution,2017,4869605139,1142581
Kiss of the Damned,2013,305933082,1149736
Let the Right One In,2008,2396637,1146979
Kim Dotcom: Caught in the Web,2017,4884764082,1193207
Pokémon the Movie: Kyurem vs. The Sword of Justice,2012,324721135,1133123
Pokémon the Movie: White - Victini and Zekrom,2011,21714017,1133125
Pokémon the Movie: Genesect and the Legend Awakened,2013,760585392,1133122
Pokémon the Movie: Black - Victini and Reshiram,2011,21966073,1133124
I Love You Both,2017,3657361930,1154317
The Evil in Us,2016,4008157373,1146136
Once Upon a Time in Venice,2017,4748593903,1146135
Spring Broke,2016,3288933784,1131761
Fare,2017,6946571616,1130754
Poseidon ,2006,989232185,1131359
George A. Romero's Survival of the Dead,2010,405623,1150444
V/H/S,2012,982759795,1146978
I Saw the Devil,2011,18886479,1149887
The Double ,2013,602477964,1145107
V/H/S 2,2014,361118747,1147333
Splinter,2008,1000313294,1149715
Filth,2014,525871006,1138813
Charlotte ,2017,5768073464,1140731
The Women of Brewster Place,1989,1075026,1138896
Hamlet ,1990,39665,1126060
Tiger Raid,2016,3430472811,1133774
The Levenger Tapes,2013,21545947,1134709
The Commune,2017,1803479353,1141367
Recovery,2016,4029697613,1127604
Departure,2015,325974678,1116585
Saint,2011,17718489,1122715
Mosquito,2017,4901079095,1123490
LEGO City,2011,4001664367,1125354
The Blue Room,2014,1288529,1122741
Raze,2014,467519996,1114048
Burden,2017,5771150627,1131819
Primal,2010,17242067,1122738
Joe Strummer: The Future is Unwritten,2007,2216110,1124751
I'll Come Running,2008,387312,1122750
Go Tigers!,2001,189823,1122734
Penumbra,2012,700601407,1122709
Hungry Hearts,2015,1186702139,1122730
Do I Sound Gay?,2015,1197169507,1122727
The Duchess of Langeais,2007,2263817,1122694
The Duke of Burgundy,2015,1197169513,1122726
The Chaser,2008,9545530,1122692
C.S.A.: Confederate States of America,2006,1963824,1109956
Breaking the Girls,2013,616373982,1122723
Bound To Vengeance,2015,1370825643,1122722
Angel of Mine,2008,16870604,1122689
American Venus,2008,2253852,1122719
Lewis Black: Old Yeller - Live at the Borgata,2013,1022114576,1106717
Almost Human ,2014,322643155,1120269
Tracktown,2017,4103973056,1140808
Bad Company ,1972,423094,1115169
Hannie Caulder,1971,427177,1110929
Step Dogs,2013,842641098,1107380
WolfCop,2014,1010656504,1106842
Gilbert Gottfried: Dirty Jokes,2005,282836,1106808
Gary Owen: I Agree with Myself,2015,1325494224,1106716
Beneath the Darkness,2011,21635053,1105057
Odd Thomas,2014,328964945,1106518
The Numbers Station,2013,364803385,1106487
D.L. Hughley: Reset,2012,292132597,1105056
You're Killing Me,2015,1553795723,1112354
The Reagan Show,2017,4698273398,1150845
The Swan Princess,1994,982760125,1119622
Center Stage,2000,1231612,1119620
The Magic Hockey Skates,2012,337794309,1094040
Lost and Found ,2008,1051682399,1094039
Good Ol' Freda,2013,432366009,1111360
John Dies at the End,2013,21624670,1111359
Humpday,2009,2417424,1110891
Melancholia,2011,18983075,1111358
The Oxford Murders,2010,2352137,1111357
The Furies,1950,455824,1105818
Johnny Guitar,1954,453083,1105817
Blind,2017,6689429260,1156248
Tall Stranger,1957,1072059,1105816
The Eagle And The Hawk,1950,467511,1105814
The Letter ,2012,19220282,1106499
A Man Alone,1955,453852,1105812
Godsend,2004,1667584,1106497
Austin Found,2017,4849767671,1173080
A Conspiracy To Rule: The Illuminati,2017,4461509308,1103960
Becoming Bond,2017,4735186667,1081753
Ozzy,2016,3743460943,1109467
Hobo with a Shotgun,2011,13893500,1082916
Phoenix Forgotten,2017,4526396369,1158162
Regular Show: The Movie,2015,1828632055,1106486
Krampus Unleashed,2016,4134290982,1090523
Greater,2016,1997144098,1093527
Arbitrage,2012,22254360,1087281
Bullwhip,1958,1055872,1084600
Transpecos,2016,3365710000,1087259
Dumb: The Story of Big Brother Magazine,2017,4958340087,1086233
Batman & Bill,2017,4541963004,1074856
Law of the Lawless,1964,471706,1070985
Bait Shop,2008,2357021,1070984
Repo! The Genetic Opera,2008,2397002,1070980
Hammer of the Gods,2013,982759582,1141361
Hounds of Love,2017,3998392403,1139220
Very Good Girls,2013,364100289,1321921
Warpath,1951,1072707,1055444
NYC Underground,2013,1325585407,1053333
Steal This Movie,2000,1279112,1478332
Pony Express,1953,1071885,1055515
The Big Kahuna,2000,1213249,1040944
Dancer,2016,3944898585,1043928
Flock of Dudes,2016,1686614460,1030107
Kampai! For the Love of Sake,2015,1890558966,1030152
Ants on a Shrimp,2016,3310706210,1029124
Roseanne For President!,2016,1496943441,1025759
Free to Run,2016,3238647399,1019627
Monkey King: Hero is Back,2016,1737871345,1016051
King Kong,2005,1933047,1016967
Evangeline,2015,28810,1010899
The Greatest Movie Ever Rolled,2014,66894748,1041965
Joshy,2016,3158404209,1003000
Point Break ,1991,459924,1001284
Con Air,1997,446524,1009388
The Best Player,2011,19935984,1001315
Half-Shell Heroes: Blast to the Past,2015,1978135220,1001695
A Fairly Odd Christmas,2012,333922607,1001314
Rags,2012,66530749,1001313
Rufus,2016,3256982419,1001312
Jinxed,2013,810955507,999625
The Boy Who Cried Werewolf,2010,17227250,999627
Liar Liar Vampire,2015,1879023470,1000375
The Massively Mixed-Up Middle School Mystery,2015,1739978949,1001311
One Crazy Cruise,2015,1650757333,1001698
Swindle,2013,667324118,1005499
Santa Hunters,2014,1301813348,999961
Splitting Adam,2015,1410523076,1001309
A Fairly Odd Movie: Grow Up Timmy Turner!,2011,15057058,1001308
The Ant Bully,2006,2058595,999797
Up in the Air,2009,2428783,999782
Rollerball ,1975,1067360,999778
Mermaids ,1990,427821,999777
Major League,1989,436054,999776
Sleepy Hollow ,1999,1187144,987603
Quigley Down Under,1990,423364,988116
Lost and Delirious,2001,1374653,988111
The Gift ,2001,1315899,988107
The Beatles: Eight Days a Week - The Touring Years,2016,1137644085,980384
City of Gold ,2016,6714556724,988105
Venus in Fur,2013,532887853,986980
Sidewalls,2011,2463640,1005490
Fun Size,2012,19913971,976538
The First Wives Club,1996,422706,975338
At Close Range,1986,427010,976533
King Georges,2016,1488127587,973718
The Housemaid ,2011,263290,1019486
The Damned ,2014,234588,986948
Asmodexia,2014,1063208942,986899
Hunt for the Wilderpeople,2016,3158404416,1004156
Patriot Games,1992,423005,958030
Battle Ground,2013,873725896,958023
Chocolat,2001,1315888,1029593
Bad Santa,2003,1610409,1165586
Proxy,2013,669400968,957935
The Last Days,2013,448217593,957925
Young & Beautiful,2014,108938,957816
Looking for Eric,2010,2429672,958041
Grabbers,2012,22254027,957965
The Den,2014,710345451,957961
Dancing in Jaffa,2014,467519307,957958
Breakdown,1997,443495,958018
The Vatican Tapes,2015,1096988460,958004
Stand Up Guys,2012,307016700,940624
Shakespeare in Love,1999,16897291,941562
Rounders,1998,471711,940161
Hoodlum,1997,448356,930092
Airplane II: The Sequel,1983,982878496,935999
Airplane!,1980,427022,930076
Crazy About Tiffany's,2016,3236560813,939695
Froning: The Fittest Man in History,2015,1853428115,939583
Addicted to Fresno,2015,1632960348,939230
Into the Blue,2005,1927348,924034
Curious George 3: Back to the Jungle,2015,1549209810,921583
Curious George: A Halloween Boo Fest,2013,1100179042,921582
Curious George Swings Into Spring,2013,1053993499,921581
Curious George: A Very Monkey Christmas,2009,9193209,921585
Curious George 2: Follow That Monkey!,2009,8366020,921580
The Wiggles Meet the Orchestra,2015,5567745600,917244
Tangerines,2013,891027509,914305
Angelina Ballerina: On with the Show,2014,856465575,906861
Barney: Most Huggable Moments,2012,632807140,908497
Flawless,1999,1179907,909398
Capote,2005,1958231,909388
Snowflake The White Gorilla,2013,22259397,911425
Thomas & Friends: Thomas and the Treasure,2006,738934185,909457
Kirk Cameron's Saving Christmas,2014,1212250725,909378
Bob the Builder: The Big Game,1984,8861056,906700
Bob the Builder: Construction Chaos,2014,3493719687,906708
Bob the Builder: Build It Big!,1984,4795222847,906683
Bob the Builder: Animal Adventures,1984,812833868,906889
Thomas & Friends: Trouble on the Tracks,2014,1009719458,906685
Thomas & Friends: The Thomas Way,2013,743821142,906701
Thomas & Friends: The Lion of Sodor,2010,16950466,906697
Thomas & Friends: Railway Mischief,2014,738935863,906694
Thomas & Friends: Muddy Matters,2013,335839073,906684
Thomas & Friends: King of the Railway,2013,568724894,906693
Thomas & Friends: Go Go Thomas!,2013,327204408,906696
Thomas & Friends: Blue Mountain Mystery,2012,291879533,906691
Thomas & Friends: Animals Aboard!,2013,716763633,906682
Bob the Builder: Let's Build!,2014,954822099,906690
Bob the Builder: Digging for Treasure,2006,3226928522,906689
Barney: We Love Our Family,2009,502098905,906675
Barney: I Can Do It,2011,18772103,906677
Barney: Happy Birthday Barney!,2015,1009762610,906676
Angelina Ballerina: The Shining Star Trophy,2011,19235756,906681
Angelina Ballerina: Spring Fling,2014,927359102,906688
Angelina Ballerina: Perfectly Pink!,2014,1081521057,906835
Angelina Ballerina: Meet Angelina Ballerina,2004,3444386165,906680
Angelina Ballerina: Dreams Do Come True,2012,67702776,906692
Stigmata,1999,1162605,885791
Planes Trains and Automobiles,1987,1066974,885789
Married to the Mob,1988,473399,885771
Larger Than Life,1996,423831,885786
Friday the 13th Part VI: Jason Lives,1986,429985,876128
Friday the 13th ,1980,33970,876141
Black Rain,1989,447781,876138
Friday the 13th Part VII: The New Blood,1988,425241,876131
Friday the 13th Part VIII: Jason Takes Manhattan,1989,425238,876134
Friday the 13th: The Final Chapter,1984,453785,876123
Jennifer 8,1992,1086420,862318
American Loser,2008,337474,862331
The Song,2014,1067591806,862330
We Need to Talk About Kevin,2011,18126060,863509
Nick of Time,1995,427290,850372
Fluke,1995,425489,850417
Renoir,2014,66716605,850291
A Christmas Tree Miracle,2015,722041652,891176
Dirty Wars,2013,361429469,851526
Paranoid Park,2008,2278361,852599
Thanks For Sharing,2013,311189906,850388
Still Mine,2013,311686490,850277
Shut Up and Play the Hits,2013,22254113,850369
The Quiet Ones,2015,473859375,850343
Private Parts,1997,1075476,850414
A Most Wanted Man,2014,526965419,850409
Life of Crime ,2014,22425607,850275
Joe,2014,1068326,850403
The German Doctor,2013,553150987,850299
The Frozen Ground,2014,308110976,850337
Emperor ,2012,22277241,850425
Grace Unplugged,2014,509114325,850381
Girl Most Likely,2014,19914376,850358
Flashdance,1983,455266,850392
Federal Hill,1995,425517,850269
Desperately Seeking Susan,1985,459377,850357
Cesar Chavez,2014,833263559,850305
Blood Ties,2013,1079605,850244
Barefoot,2014,858066036,850216
All Is Lost,2013,301760499,850292
Still Waiting,2009,2457388,853816
Happy Accidents,2001,1536577,812684
The Amityville Horror,2005,6708798447,812351
The Intended,2004,1686476,812730
xx/xy,2003,1623815,812703
Good Time Max,2008,2422958,813875
Goodbye First Love,2011,18754905,812743
The Taste of Money,2013,66602290,812688
Errors of the Human Body,2012,297368179,812725
Antiviral,2012,67108549,812723
Super,2010,982759674,812751
Hart's War,2002,1423444,785782
10.0 Earthquake,2014,1259316223,786746
Zapped,2014,430080,786765
The Fields,2011,20369372,781852
Eulogy,2004,1734426,808273
Blaze You Out,2013,383984096,781822
Antitrust,2001,1296757,777087
Bound ,2015,1957343144,770721
The Colony ,2013,8417415,788078
Jesus' Son,2000,995187091,766340
Happy Endings ,2005,1059581,745768
The Birdcage,1996,9153,736264
The Man in the Moon,1991,438143,736263
I'm Gonna Git You Sucka,1988,451660,732480
Big Fish,2004,1621297,733242
Cougars Inc.,2010,18032538,733482
The Burrowers,2008,2477195,733447
Bully,2001,12869,729724
Shanghai Surprise,1986,435962,707615
Rollerball,2002,1067360,734526
Bull Durham,1988,426838,707616
Hello Sister Goodbye Life!,2006,1968862,744757
Au Pair 3: Adventure in Paradise,2009,2448862,1307564
Sid the Science Kid: The Movie,2013,476699958,656030
Tetsuo: The Bullet Man,2011,12223115,658331
Flight of the Red Balloon,2007,2292192,657720
Food Inc.,2009,2494418,643505
Jiro Dreams of Sushi,2012,1018125307,636761
Ron White: A Little Unprofessional,2012,432379385,665441
It's a Disaster,2013,67506117,614016
Rules of Attraction,2002,1506315,630023
Dirty Rotten Scoundrels,1988,451461,617167
The Silence of the Lambs,1991,427239,615221
Akira,1988,1085389,603799
Akira,1988,1085389,603800
Traitor,2008,1053427,579720
The Reunion,2011,79618,576773
Breakup at a Wedding,2013,528673415,588488
Rocky V,1990,426834,589046
Rocky,1976,6693722777,589045
Rocky II,1979,1073365,589056
The Chaperone,2011,18099870,578263
Off Label,2013,66345457,588720
A Teacher,2013,361429726,579781
No Holds Barred,1989,425485,575465
Legendary,2010,1346209698,582880
Inside Out ,2011,1162004376,580164
Meek's Cutoff,2011,14928576,622165
Spaceballs,1987,16897492,568833
Ninja Scroll,1993,129876,574663
Angelina Ballerina: Dance Around the World,2013,360553831,559102
The People vs. George Lucas,2011,1000440803,559845
The Punisher,2004,1662552,554463
Man About Town,2007,2108373,560547
28 Hotel Rooms,2013,22172966,562324
Bob the Builder: Teamwork Time!,2012,323288556,552726
Thomas & Friends: Sticky Situations,2012,317584799,552124
Thomas & Friends: Curious Cargo,2012,21969223,552123
Barney: Let's Go to the Moon,2013,327215824,552730
Barney: Let's Go to the Doctor,2012,312286475,552729
Angelina Ballerina: Superstar Sisters,2012,316582942,552737
Angelina Ballerina: Ballerina Princess,2012,22347998,543530
Star Kid,1998,458865,541355
Bob The Builder: Building Buddies,2013,468856718,552126
Hard Candy,2006,1987062,528886
American Psycho,2000,1214891,551734
Bad Lieutenant,1992,443068,526374
Chuck & Buck,2000,1272819,527333
Halo 4: Forward Unto Dawn,2012,326955548,501230
Lovestruck: The Musical,2013,430623183,512923
The Messenger,2009,61649,484621
Day of the Falcon,2013,18754929,480342
The Way Back,2011,104184,473121
Monogamy,2013,12219400,466907
Rare Exports: A Christmas Tale,2010,16897539,434936
Snoopy Come Home,1972,88314,431388
Dr. Seuss: The Cat in the Hat,1971,1608871,442448
A Very Brady Christmas,1988,1071497,442454
Sabrina Down Under,1999,1106519,441610
Dr. Seuss: The Lorax,1972,56366,442455
A Boy Named Charlie Brown,1969,11482,431387
Amy Winehouse: A Final Goodbye,2011,557723609,444333
Michael Jackson: Life Death and Legacy,2012,1272934024,442251
Children of the Corn,1984,470238,418886
Girls Just Want to Have Fun,1985,435964,418885
Hellraiser,1987,1474745,418887
Heathers,1989,461237,418882
Gangster No. 1,2002,1445121,452065
Barney: Musical Zoo,2011,17615774,406060
Barney: Best Fairy Tales,2010,16653346,406059
Thomas & Friends: Schoolhouse Delivery,2012,66744280,402848
Barney: Let's Play Outside,2010,11739998,406057
Barney: Clean up Clean up!,2012,22176423,402843
Thomas & Friends: Up Up & Away!,2012,22065180,402103
Thomas & Friends: Day of the Diesels,2011,19286299,402100
Barney: 1 2 3 Learn,2011,19054705,402098
Thomas & Friends: Misty Island Rescue,2010,14484052,402092
Thomas & Friends: Creaky Cranky,2010,17545345,402094
Bob The Builder: When Bob Became a Builder,2006,502091446,401865
Barney: Please & Thank You,2010,9711396,400521
Thomas & Friends: Thomas and the Runaway Kite,2010,9715000,386548
Thomas & Friends: Hero of the Rails,2009,6782447,386476
Thomas & Friends: Calling All Engines!,2007,4865894703,386456
Thomas & Friends: Great Discovery,2008,381887,386447
Thomas & Friends: Engines and Escapades,2008,370036,386454
Thomas & Friends: Railway Friends,2009,8873712,386446
Bob The Builder: Christmas to Remember,2001,17889416,390560
Thomas & Friends: A Big Day for Thomas,2007,1156688236,386472
Thomas & Friends: Come Ride the Rails,2006,4865872728,386544
Thomas & Friends: High Speed Adventures,2009,410228,386452
Thomas & Friends: Hooray for Thomas,2005,1156692149,386470
Barney: Shake Your Dino Tail!,2007,4795222839,386377
Angelina Ballerina: The Magic of Dance,2004,8862596,388196
Angelina Ballerina: Friends Forever,2002,1424675191,398227
Angelina Ballerina: Follows Her Dreams,2007,1424675193,398226
Barney: Now I Know My ABCs,2004,19940440,386368
Barney: Top 20 Countdown,2009,279435,386357
Tell Them Anything You Want: A Portrait of Maurice Sendak,2009,8427977,360251
Trigun: Badlands Rumble,2010,19105778,360572
Teen Spirit,2011,2303601,346115
The Resident ,2012,1005746469,342880
Possums,1998,1180643,316824
Cecil B. DeMented,2000,1265631,248946
The Wraith,1986,4618202947,224605
Phoenix,1998,17633520,231932
The Pursuit of D.B. Cooper,1981,426267,208410
The Other Man,2008,1364475267,207977
Revenge of the Bridesmaids,2010,14326035,204284
The Puffy Chair,2005,2073615,188970
Endless Love,1981,435474,188234
The Brotherhood of Justice,1986,1055195,179258
An American Werewolf in London,1981,425680,159865
Ground Control,1999,1194219,167843
Afro Samurai Resurrection,2009,2430017,156334
Species,1995,1743649,154291
The Doors,1991,427931,152858
WarGames,1983,1072653,154787
Home Of The Brave,2006,248605,145116
And You Thought Your Parents Were Weird!,1991,435991,146472
Harsh Times,2006,2133898,145112
Species II,1998,463705,140726
Child's Play,1988,1076736,140725
Things You Can Tell Just By Looking At Her,2001,1265235,135817
Princess,2008,2311304,125310
Body of Evidence,1993,1168960,124655
Pizza My Heart,2005,1851874,117667
Holiday in Handcuffs,2007,2250694,112266
Sling Blade,1996,20723724,283257
Curse of the Zodiac,2007,2161728,288153
Cyberbully,2011,19104523,271609
Slow Burn ,2000,12177660,273552
Lulu on the Bridge,1998,1129859,263494
Howl,2010,1803479359,255584
My Future Boyfriend,2011,18792132,257401
American Gun ,2002,1641995,250337
Reservoir Dogs,1992,448521,245895
Little Voice,1998,1095623,245890
Clerks,1994,2055332,245886
Swingers,1996,1162093,245884
The English Patient,1996,435843,245899
Campus Confidential,2005,1866018,89749
Rocky III,1982,427656,57047
Rocky IV,1985,423386,55746
Fatal Attraction,1987,1536529249,46779
Pumpkin,2002,1464999,30664
Species III,2004,1743649,27821
Catacombs,2008,2332376,26229
The Secret of NIMH,1982,1067225,25523
Free Money,1999,1092472,13211
