VU_SM_ID,ROVI_SM_ID
132909,1561837
135247,1549972
257155,674114
211732,1107525
282058,1472743
263365,676534
1090454,1872851
540803,253570
134416,423471
211458,623971721
135405,11730078
195227,286362
97899,96631
133969,925531
9553,863606
129220,17537987
129288,1424739
129400,997158950
129458,2124203
129473,1836145
129520,2001738
129551,426095
129702,451212
129801,1378307
129843,469459
129953,1833819
130008,931231
129791,423850
130238,431068
130573,1855730
130622,1962200
130646,274312
130701,292123
130877,279809
132422,2170297
132898,2169560
133027,1835027
133088,17489293
133103,2168798
133119,2168651
133156,761310
133192,327940
133241,423684
133786,1835054
133866,1104787
703098,869345
135063,427903
135216,1673581
135214,2001241
135379,496709
135586,423675
135836,423420
135885,1294494
136062,345653
136083,462197
136247,1529726
136080,1709816
136215,168299
84837,49483
137637,508610
138085,429900
136245,2040605
138577,1424733
138615,129718
138662,427527
138678,1418328
138707,425417
138806,1562775
138838,423453
138853,423970
136240,423469
138884,11925873
91211,73180
139334,16883916
139583,1680642
139704,2103448
139754,484244
139763,1550306
140177,344335
140179,2078992
139729,1999104
142544,608889
174431,8196887
174473,8743137
182185,16888511
182264,1309421
182397,2173167
182455,13892823
182503,1836155
182530,2165623
182605,471861
182720,16885228
182843,2334107
182504,1835235
183044,8969186
183097,17503250
183224,424454
183590,2357228
183681,2334086
183748,2490711
183938,1552033
183976,2490832
189093,2366223
189727,16602091
190476,9952498
190566,2435701
190789,8202313
190878,17495228
191026,2484112
191515,18166039
192142,12166297
192196,18181222
192224,8565976
192460,321144
192819,1226144
192949,17892128
192991,2444634
193045,2490723
193071,8084961
193125,2314067
193451,2406698
193505,2467393
195781,17616400
196116,17971344
196153,11906493
196497,18828854
198007,13968726
198056,2480348
198111,2498864
198169,12453865
198437,1785402
198945,14031120
198952,432465
198946,2001298
199593,11847821
199654,17594852
199868,2224158
199936,2376417
199993,800392
200086,16901959
200540,1673513
201262,434398
201386,2295377
201624,2138418
202664,21719080
201856,13520723
202923,2120790
203112,14778569
203325,7905513
203539,417523
204162,17965390
204191,18998828
204200,2122334
204401,2329560
204727,17824680
204780,9715695
204837,1949526
204892,13742906
205419,10330519
205714,18950241
205785,2478513
206148,14225399
206363,19994976
206475,17525478
206510,17553536
206567,11908182
207855,2497425
207921,2266576
207950,19690471
207417,1308590
208033,18084164
208078,13305659
208111,18950272
208146,2369243
208301,8432609
208471,198782
209711,899215
210295,2334636
210391,593877
210595,423600
210675,423691
210736,865770
210782,454429
211039,2334119
211184,4321
211229,486936
211289,1878857
211492,229675
211557,425355
211861,1845884
211948,19955053
212310,129491
212342,129499
212766,1989997
212932,2083825
212961,19734026
213006,2013788
213091,2001264
213159,18815183
213561,1438700
213562,334142
7361,727975
213941,1327996
214129,1808332
214133,379645
214324,12067901
214485,20204020
213484,2484036
215758,412432
215973,2282600
216009,18785859
216193,18933836
216307,2010690
216463,17891288
216476,375166
216603,10399495
216687,13306749
217036,2350601
217114,13883004
217588,2069953
217780,2152878
217825,942596
218142,13963024
218293,17094610
218410,18858831
218598,424776
218963,1103586
219194,2169486
219991,2048135
220043,398424
220348,423607
220533,1553325
220972,18084026
221009,18821191
221737,1987080
221731,1394388
221931,2154617
222044,19105208
222062,1474189
222172,2040884
222169,18084016
222606,10385920
222617,19729647
223112,194715
223271,2489758
223298,411706
223340,1221271
223550,9485030
223663,212526
223756,13970530
224062,11860445
224082,1103250
224301,2084488
224347,13356102
224549,2001734
135865,864432
224684,18796684
224777,2481922
224926,423547
224992,1720082
225485,18848163
225539,12954572
225689,2469184
225725,2466200
225919,18848164
225986,423416
226455,14129496
226480,363510
226600,9987823
226749,19109320
227196,16942942
227336,2104237
227421,429121
228130,19732829
228159,11876757
228184,19696166
228205,17983367
228222,18916161
228450,1418323
537562,766647428
228823,18815516
138845,228247
229068,18135438
304867,18915170
229186,1479953
229197,18846680
229281,18797532
229388,22193054
229453,18797366
229816,19067012
229831,19103959
229997,18821096
230036,1609178
230349,13610633
230534,2486435
230949,1724540
231299,18810803
231458,18765804
231591,12416270
231670,2430871
231679,19104860
231708,19796950
231733,13801268
231835,17944016
231880,17999699
231889,19284552
231911,1700379
231941,2300286
232103,2105279
232278,19704743
232461,8996185
232560,1665868
232574,2114931
233028,16889242
233189,10281688
233382,10168526
233459,2199582
233792,1200466
233969,8350194
234053,16842337
234121,17168877
234158,2462329
234247,18215560
234292,9650028
234405,19212830
234495,18042138
234593,596961
234616,2235925
234965,269854
235373,1386471
235604,1204909
236200,423522
236354,2293050
236196,8339223
236534,2248275
236633,678766
237412,18933821
237421,19959016
237435,17491920
232894,16956869
237975,13305894
238168,18845710
238225,19113969
238234,1673497
238245,1438306
238283,1193096
238382,18040876
238400,2490563
239071,16892661
239073,1835232
239074,1534414
239072,2490589
239079,18815398
239080,19113842
239236,2333214
244121,19893665
244171,18858879
244360,1933657
244723,21588906
244836,17707965
245767,1956408
245804,8979855
245914,10021648
245971,2436108
246036,2439918
246057,1781169
246126,2187786
246272,9307637
246278,1541954
246454,2374195
246690,1863968
247412,1413438
247497,13295656
138820,1835575
248492,425162
248555,1687117
248674,11947579
248877,13987012
248943,19110354
249244,8003233
249476,845298
249590,1836180
249827,21609451
249848,19180255
252367,8969188
138841,423765
252993,430453
253214,13196091
253362,471219
253489,2335837
253654,881938
254023,19759378
254200,14262326
254345,480675
254728,747218
255689,11920073
255799,21521470
255832,424456
261125,99775
256614,21885668
257116,19760922
257268,13925708
257345,14895927
257411,2337372
257509,17016615
257801,1734906
258264,2490597
258321,2490602
258398,306786
258463,2491273
258576,1837250
258853,1835227
259305,8257507
259302,1755876
259666,2340551
259781,1752589
260056,19104020
260671,2490666
260824,10414495
260860,2168034
261049,2333113
261124,19955398
261304,2170032
261490,2333226
261622,2170301
263409,970480
138883,89472
263680,426614
265030,12966115
265231,431076
265449,1800074
265748,1213625
265788,19914346
266082,467407
266116,2404187
266444,323043
266506,2490743
266601,1667909
266870,19917055
267663,1406911
267744,815073
268460,1438313
268717,18220940
268747,2164316
268758,1418349
268967,2486672
269157,1943063
269304,2280424
269307,351761
138706,423478
270197,1261392
270360,2430807
270490,16820364
270528,2491249
270665,19173787
270970,2482608
271063,2247513
271075,2350577
271773,464847
272206,17940379
272354,10126841
272599,421657
272631,2204019
272771,1316567
272830,1941630
273066,1795312
273175,19150129
273283,426172
273312,2336802
273343,2284323
273379,975128413
273425,2363969
273514,9980308
273697,18189268
273767,19180230
273944,760174272
274173,1929763
276610,924033
276416,129752
275234,422185
276123,1545700
276756,631604
277364,13977514
277992,1635229
278093,2333105
282057,425684
282623,1272687
283054,425669
282151,1699911090
282970,17970298
282973,19061887
279448,20023622
281435,2130750
281436,2246085
281474,19881032
281536,280906
281396,2373267
281424,10421800
280884,2361755
281483,1672103
281819,18416437
281818,1853033
282080,2491199
282962,129126
283048,12147090
137903,430935
283813,18175463
288318,16886597
286271,18927943
286277,21995642
284405,13830035
318366,383552802
286272,268625
299043,18103555
299056,19632588
299055,66043970
299041,206476
286317,2223158
286244,2420637
286700,21926418
288066,444674
289796,11906626
289801,3424702909
289942,487997
290863,9408049
290895,223652
290901,2078346
291013,2190524
291109,1664257
291141,235491
291186,1831816
291189,1300209
291190,1379892
289799,1281479
289852,2420871
289853,2420909
289941,8630418
290900,2340318
290942,2366360
288496,22265203
288615,2061289
281395,2444536
289803,2383647
289943,1766166
290052,293906
290324,18815554
290861,1632441
290967,2151719
290970,1288712
290862,1857896
290969,10522767
290893,427152
289437,8190180
291156,2057544
291980,9895136
293395,2001270
294776,14129393
294781,12519653
294782,18165540
293460,2292008
293481,22028766
293843,19970263
293888,1458515
294476,18830549
294477,18858667
294478,19119457
294545,21551180
294578,22242682
294622,18102381
294655,17226926
294692,21904113
294735,21991000
293396,21981715
296423,19680639
296739,14773782
296740,2363933
296935,2151741
296936,1982228
296937,2338773
297084,2189721
297085,231774
297376,17564172
297405,16958261
297839,2166839
297840,801935
298467,8671470
298063,18785960
298458,426087
299037,481387
299181,756910
299429,17977784
300280,14959006
300289,22279883
300321,12917644
301302,67418216
301304,11863348
301299,2207952
302052,22335872
302070,19680716
302309,19917282
302352,15070569
302376,18042343
302418,19917954
302440,9048266
302501,8360069
302527,2259085
302544,10147705
302561,19917276
302590,2495913
302775,21985818
302921,19678041
302924,17691485
302998,14380236
303061,18792950
303112,9660826
303187,22011758
303188,21983077
303267,10730234
303363,14842434
303428,2432819
303470,22287990
303475,22302347
303484,18927681
303937,10596033
303953,10003652
304031,18172498
304047,2363894
304295,1479973127
305156,22312853
305785,780358
305787,425350
305815,425338
306412,19924734
306739,22463215
306751,22443076
306987,22359159
307114,67119585
307707,1309451
307741,253402
307742,1840934
307747,424455
307719,2167946
310574,354515
139182,425357
312213,540054093
311523,2166931
312926,2167248
313449,11803889
313450,17890457
313622,425339
313685,297231037
313802,21518552
314210,354268
314557,11935829
314558,2104509
314564,1369525
314565,22555616
314566,17980404
314567,66062597
316039,22465782
316043,128182
316044,12875721
316042,18045939
316545,447854476
316549,274108
316548,272185
317891,18933839
318036,22543623
361125,18933826
318162,22537877
138114,497516
318961,13927066
319702,12400185
319703,18858793
319704,19882324
319705,22051933
319706,66034450
319707,22526077
320020,21998502
266655,1588153
320103,19917674
320215,21962315
320522,18816641
320551,8680358
320728,19055656
320729,1323511
321182,19049980
322335,19917620
322327,16888582
322735,18830383
323092,2105382
323621,1323527
324036,66345176
324650,1954664
324684,2000674
325473,2416651
325474,18830442
140175,1787171
326735,2490775
326766,8177671
326791,1308574
326938,66093658
327344,19235539
327545,2452348
327730,1790203
328433,22441666
329417,1097523
323622,17543740
329468,2484010
329527,22537135
329485,18881224
330059,21915862
330060,19976357
330058,262826
330622,425330
330631,14636406
331223,66032939
331577,17006815
331816,13895757
331981,18845729
332989,22531921
333280,761749130
333405,21581275
333644,2000672
334453,310895172
334448,8240941
335442,22320400
335727,2086485
335728,414166
335743,2475665
334984,66474702
334985,17437307
524414,951714097
334986,22169813
336460,66493046
336524,22267144
336593,66312671
336618,22058220
336675,270965
336676,19678551
336680,369181
336677,556692055
336678,21592085
336679,1517956
337686,21568207
337865,66643588
337895,66441067
338131,18830334
338130,14076542
338906,2168096
338941,2333097
339130,1986184
340029,12662432
339830,2167954
339813,12053534
339811,17548417
339812,22334110
339852,22378257
339853,67507374
339854,22252989
340754,1672492
340794,66493448
341213,19055726
341295,9543008
341310,2490733
346295,66492462
341452,1835549
341529,2490737
341566,19152014
341599,410883
341820,10358046
341877,17891797
342282,2388383
342596,2333229
342669,1258454
342729,1835586
342788,2070876
342888,20574094
342997,20574092
344035,18828725
344045,66643178
344212,14595823
344739,22279621
345003,66492467
345128,66450826
346361,2158717
346296,512878
346360,2242840
346362,2002739
346516,424460
346251,19721498
346767,449303
347135,66120223
347136,18929133
347137,500235
347139,16709748
347141,9650276
347747,2467064
347802,66849416
347825,67041642
347922,66925241
348082,66864499
348084,18933830
348085,66642968
349128,66134364
349153,66971238
349381,67202922
349470,66971718
349611,18267040
350163,18933991
350434,568030
350973,66971417
351396,66482074
351981,443940316
351982,18772873
351983,14380501
352206,19205632
352582,2013891
352801,66693932
223726,9643551
352979,67036821
353109,66701447
353328,67204864
354224,2215255
354228,944827
354243,1135533
354246,181402
357333,66707162
357292,66855014
357394,19706278
357825,66708373
357886,66674138
358057,19765651
358185,67348879
358198,67346944
358552,66469222
359023,19958649
359316,67306752
359317,67348624
359318,67092101
359319,288182617
359320,66925852
359321,67845261
359315,18933945
358227,67353068
361577,66474158
361914,425367
362023,289932041
362208,19679934
362209,67305883
362278,431050
362299,22581506
362304,22463093
363470,432222
363555,22481286
363801,289933292
363999,1588673
364002,1778933
364377,457945
364397,776242
364443,87469
364449,161480
364442,19893663
365275,66615248
365276,66762748
365277,289928869
365278,66762860
365279,66762494
366601,461222
366942,67778993
367183,16882730
367991,242500
367992,495950
368085,298765312
369031,19104965
369029,18907020
369030,2365580
369398,423501
369474,66614488
370045,2366146
370729,295042352
371112,460639
371503,19992662
371655,1235585
371764,66911118
372122,928714
372214,295890887
372263,291860801
372300,303405284
372876,425332
372877,1860121
373248,2196716
372053,1448241
373438,269267
373436,18906972
373437,18815354
374671,302341032
374708,297353587
374755,302595486
374858,18830456
374885,21702641
375254,16887942
375363,302044825
375950,22265012
375955,8555000
375953,18938359
375952,2373470
376278,424726
376333,2035795
376584,2003303
377011,11851365
377016,11852184
378133,673096
378201,2333102
378202,13965076
378203,66856195
378204,66942255
378205,14729213
380107,291108286
380208,66988336
380385,19657063
381171,289925004
384869,303978762
381077,1354633403
381172,314830838
381226,300192247
382074,21645685
382075,432402044
382076,19684768
382409,21761027
382462,66762654
382585,16789113
383016,307012971
380121,66762843
380137,66941712
380113,66763197
380145,66927700
380108,66763055
383820,299031887
383822,297951025
383823,66762905
383824,18851501
385178,13833539
385464,22275045
385891,66762708
385892,314535382
386935,66942292
387007,67129987
387008,22537482
387009,18797319
130609,2169493
387014,18829943
387022,66926278
385179,18815807
387023,21964742
385893,66763107
389728,21770190
389877,21612328
389926,312870138
389991,315474127
389992,66407297
389993,322055360
389994,66421986
390315,1496959
390575,299289316
390603,67173716
391315,66762694
391775,312267767
391959,318794073
391976,22384455
392045,19934859
392126,309722765
392155,66674236
393079,11892787
393081,348481
321282,19678672
394757,324088292
395284,313439980
395334,319666451
395820,21886511
395905,66762676
397142,21492536
396521,12124014
396519,66716027
397183,324093706
397460,66223003
398076,2031659
398105,20038165
398785,322039823
398830,330351410
399613,19047397
400094,325158344
400243,66674216
400420,421722
401432,330033391
401309,432487
401307,19630660
401308,302042284
401310,67263002
401313,342454788
403148,67120373
403146,1886884
403149,234540
403150,449338
403151,425336
403152,1171935
403155,1081488533
403158,12022590
403159,444310
405424,13356181
405498,12706957
405559,66643428
321253,3550524719
406289,335356944
322424,17624199
400412,18181064
400413,18012683
400414,1323600
407168,66763139
407169,66911096
407530,21983277
407669,273527
408062,306075481
408154,277228
408520,21645349
408566,2246781
414444,361742
408680,1406176
408681,2103054
408353,22537430
408686,18770023
409515,250256
409575,22494975
409501,19755465
410019,19764488
410138,254120
410341,432193958
410389,8650841
410926,1899958
410922,378338644
410923,334198639
410924,66762508
410925,322976124
411703,335028669
411787,13917226
412081,367061862
412209,1719014434
412226,371697334
412328,362327383
412368,362327722
412775,361732167
413194,342774275
413299,360270379
413449,361366961
414319,11832830
414445,16885953
414820,19643706
415066,335324991
415238,342461064
415307,342460992
415989,337787714
416030,342457827
416265,66763168
416743,361724664
418237,22268432
418294,371675005
418505,66941505
502523,930493410
269850,21797579
429557,364020075
418848,878911
419700,378319244
320484,21803668
420141,372316611
321418,17958793
382586,366673
420474,66762635
420643,382854758
420812,434214239
420691,66942310
420748,379855534
421374,379546129
421463,361715340
421554,363702396
421857,22312600
422422,424606094
422421,18041844
422020,368515033
422021,433062848
422022,289933020
422023,426108460
422024,426135322
422025,297353879
422026,66585780
423739,66762712
423869,67048271
424132,1835145
425460,14747155
425557,371359597
425887,361732168
425969,361732170
426168,217185
426257,360270173
426681,461330965
426505,1681011
427257,425712271
426461,796492
321738,17972741
427459,2005008
427854,708567980
427943,66762667
232513,2292111
426545,19079542
426533,2473645
429445,424590241
429465,364404024
429485,67417176
429529,441515695
429633,424483965
429806,437276916
429835,66896003
337603,18200956
429996,359176084
430110,10385753
430241,462447843
433290,22377249
430438,66940354
321930,13690463
358242,66335085
431934,66120444
431947,457539904
432840,2477683
432863,2385314
433038,728961
433067,473629
433307,22375479
433680,463814891
433717,371687881
433754,469924310
433946,22443231
320331,19075887
434131,443684850
434667,364412056
434799,19048981
435002,465759111
435084,322981450
435133,423301562
435162,367621787
435183,11803690
435249,461391699
435278,469809696
436460,449428135
436606,1702142
437495,21609589
437845,272368
438217,556694614
442667,594900231
438435,299923394
438638,364387414
438993,300884821
439121,431834101
439348,361732171
439823,505830111
439872,463807425
321772,18104262
440061,299922709
440558,529308164
440755,527762799
440883,472603729
441008,327498328
441057,362025133
441274,327498014
441587,548558324
441640,333302894
441764,701988926
441825,835099615
442006,471976609
291252,1783272
443333,534913982
443382,563178247
443655,612992600
443700,623950751
444003,501857443
444060,767119679
444121,320273580
444150,948180237
338398,2481212
444361,66942266
444430,324100736
444495,329224775
444865,66092757
445120,66330236
445408,474742340
445481,518611329
445863,431831407
446120,503308789
446225,333009307
446278,66674246
446391,66762921
446436,1595408
446467,361418782
446774,425135
448789,67008735
448627,379491815
448794,302191
449893,504916541
449978,500775190
450365,533660481
450856,358855026
451003,475339559
451709,1886128
451839,453315883
452030,21653741
452171,536084817
452208,526606215
452251,533895238
452895,543466002
452996,525723435
453057,473267557
453094,449018989
453182,379219137
453239,12752020
453544,378292976
453653,20028573
453746,19629971
454189,1007357930
454251,434151567
454712,550397239
455374,555175992
455384,1714729
455538,1954085
455989,470026707
456108,322022674
456175,533646428
456503,557735497
456543,557735510
456579,19683685
456661,560909551
456784,525743966
456876,503303916
456896,565338910
456918,470925608
457096,503295965
457136,1001648392
457184,22287919
457490,526541224
457550,8963705
458011,66762570
458261,585245965
458783,21473762
460055,385192134
460515,11933600
460663,502898672
460685,500775407
461300,333925890
460774,655464834
461272,17889218
461346,557735508
461427,596647255
461679,623950710
461697,585214523
462419,1097826873
462677,1102252544
462761,11918297
462829,12207205
463276,623512055
463310,637789318
463368,650674913
463526,305343322
464117,425957
464770,67111861
464830,372002716
465471,561746088
465527,20008106
465605,501019645
465741,571818029
465889,506526183
465962,373826930
466056,317881162
466198,525742851
466346,367063218
466504,625900245
466574,639253088
467410,22494972
467633,503299957
468298,652363131
468342,545238693
468391,642178882
468493,331861562
468597,640864399
469009,693246994
469175,14170
469414,13560491
469571,14418348
469617,636525201
471125,660604149
471220,662693992
471408,648367861
472415,717186905
473144,545271034
473174,545199175
473488,664614966
473532,425414
473860,833276386
474107,668846142
474145,525708094
474249,342158675
476052,549092790
476206,371357783
476406,66492528
476691,682563091
476845,545237306
476960,545324814
477054,551107132
395104,301450772
363826,426051
477356,685408064
477374,678497220
477520,548632925
477584,546620812
478176,22393563
478208,331837486
478284,545323707
478304,593713680
478745,22280226
479069,545359971
479472,685280009
479502,652423493
479920,687953453
480484,371688440
481095,373852159
481541,545146860
481599,545233230
481849,917607
482196,545350771
482556,545392195
482927,688128168
483629,709689469
483765,545246626
483913,546339786
484033,545277544
484301,652398457
484341,652388400
484474,476089309
484807,545210599
484876,969719785
485423,551109410
485573,551138114
485903,685341029
486335,512463269
486546,720475242
486722,503292084
487027,526545711
487189,313425501
487273,770326629
487516,687961345
487608,717196092
487946,22491599
488057,746460642
488177,301456226
488234,781259539
488352,739811637
488870,731138227
489315,545386550
489887,10778972
490001,738278417
490115,545158899
490553,10060155
491186,556694484
491302,305343305
491356,443929610
511235,869509798
492148,606067221
492468,657680711
492550,768442813
492580,700202203
492636,525749367
492714,706855383
492835,727681842
492945,737259089
493027,371356026
493274,447974038
493909,724318697
494260,661587630
494286,657776794
494392,525752021
494552,1953362
494811,733564782
495076,772145035
495146,722909198
496204,525753315
496254,795397857
496499,657757292
497154,783045674
497192,776204630
497222,525725675
497698,8332458
497752,299626142
497956,841067040
497992,841067043
498092,815632064
498373,780134614
498794,791604076
498934,659462865
499705,327207867
499807,719444
499875,22526493
500957,810494109
501003,808863132
501177,746084117
501252,379820750
501735,820677808
501949,525753267
502250,998217876
502362,783375233
502396,373851727
502418,853376810
502774,872294137
321791,18021000
503269,795625267
503415,804658459
503583,11968909
504535,668845778
504557,548704327
504723,526573690
504767,797012416
504821,833195887
504863,832280180
504901,768415079
505481,333627570
505543,862521792
505685,869482964
505831,836611771
505913,829654096
506149,374175853
506235,861148586
506265,22327679
506591,846784597
506639,545216860
506829,863977799
395771,358553104
321755,22176127
507664,729774554
507692,362002201
508109,862525474
509012,22184307
509134,860832897
509183,386562423
321712,22425297
509521,512463271
509545,830987723
509707,838431272
509810,866610453
509842,525731704
509890,661123654
509996,869752385
510056,870764347
510104,823803286
510655,525748864
510995,630930640
511191,822447159
511295,897008448
511426,864102044
511991,545370148
512083,545226694
512171,545310924
512233,551111805
512341,897469620
512373,325148144
512485,560772269
512545,869494350
513621,2327824
514101,892181133
514687,545241842
514699,546619555
514870,902800276
515433,545368034
440669,425365
515829,895807211
515895,545383125
516120,626548007
499116,2004006
516760,22039154
516806,12595521
516880,22052781
517234,586882462
517370,864106178
517412,923881303
517618,982813379
517678,545143443
517856,720561
518427,551458174
518475,958623538
518611,872023991
518651,526561491
518963,917115249
519357,923621545
519362,901207
519405,893591990
520536,679951018
522047,486430
522421,937005175
522533,927197931
524298,938544668
524370,936226059
524854,556694306
525053,933779068
525181,941051674
525265,940016527
525305,878388084
525593,551112754
525676,938330629
525716,923766107
525768,944519773
525888,895705225
525920,934900374
526133,726224840
526243,721672768
526571,954953044
526611,956009265
352317,449046
526893,968914455
527033,16883679
527292,518760977
527497,2329512
527881,18848171
527925,1637874
528189,953113361
528221,959911138
528494,861192276
528932,930178107
529412,930281346
529432,928959825
529484,500671538
530620,982928365
530784,971335048
531481,22184309
531513,973457658
531785,614284762
531833,981352773
532219,560773756
532271,67347483
532578,1655929
533293,979320381
533389,985806762
533549,992438883
533609,525728334
533916,982843766
533890,863835602
533996,975086383
534184,322054609
534766,981349134
534786,308709032
534994,982933987
535211,525753922
535314,994713561
535552,545394214
536615,995173008
537298,19654163
537378,1005066588
537426,1001100618
537944,657817192
538401,66953598
539300,661554177
539346,1817918
539471,1002006194
539801,1016423848
539945,1011690845
540107,700238804
540358,1235731
540780,545320749
541155,17504046
541391,808864666
541456,545160526
541585,993906755
541617,1005904987
541712,1046902950
541862,3229416452
541876,67347444
542138,930203258
542376,923243443
542472,923694784
542512,1004910850
542552,322943412
542652,440115141
542706,999555498
542750,21492230
542850,21719372
542970,222277
543080,19121887
543234,21876774
543266,727366857
543571,1068892864
543858,1050402606
544179,1046921285
544207,1046828945
544278,1046828964
544416,1047569447
544452,1046888265
544528,22537663
544778,1034922923
544917,1056184646
545406,840112435
545633,1046915612
545661,525769610
545705,1046915795
545737,855356196
545989,1046915822
546057,1046903616
546220,1073673295
546244,1062950651
546284,1048659032
546779,1058696877
547125,372946973
547201,982934335
547290,927372636
547533,964114751
547865,1050039550
547949,1208427
548328,821422
548458,18191886
548572,1063987158
548844,560360003
548892,763505371
549014,1055528530
549118,22461730
549162,1064496120
549210,1064496125
549270,1064496126
549357,1073293399
549421,1067288520
549457,919717444
549509,423500
550046,423494
551110,425050
552255,1000997850
552515,129380
552658,545386475
552754,1088977616
553126,1034922996
553282,1097974036
553518,1068391092
554010,382852037
554054,1056921943
554118,1004228856
554759,1062394741
554802,1077855810
555388,1071807524
555456,1053602693
556052,942906195
556337,661507039
556395,1085046072
556439,1100284275
556727,1559577
557599,1093605689
557776,1094801916
557896,1097866694
557952,22422962
558028,22422958
558486,890782692
558573,1085157611
558635,1093665316
558683,679943096
558767,1005879095
559059,1089763045
559457,1093659130
559553,1089771726
559581,863953877
559629,22450995
559877,1167717069
559951,961678675
560023,1061260828
560031,961678674
560117,1059920486
560409,995688283
560629,1002039137
560669,1107008347
560746,1107973915
560729,1093615512
560837,503300729
560929,1121724819
560993,936854879
561366,784095641
561418,893648370
561733,961678672
561785,1112509745
561837,1055227564
561945,337516131
564071,895788268
564127,1212042396
564351,1169962637
564411,1133601886
564465,1139566979
564635,1186263201
564777,1073308118
564825,546733009
565614,1117463175
565714,1136168967
565824,1046828564
565924,951700899
565936,1046915423
565980,1046915435
565992,1046915852
566192,1109441979
566252,1115118624
658798,1454397856
566360,1120538290
566484,1113710828
566532,1146605467
566614,1177700718
566921,1134667285
567020,1245176920
567102,722481404
567140,1111108516
567218,1035828782
566754,982844424
567523,1059938338
567627,501873149
568286,1117906026
568750,1122982241
568930,1115366984
569130,19649362
569559,1120328616
569583,1145923157
570333,871999187
570624,1125586154
570684,1125586156
571810,1150722607
572854,930127234
572954,1058483622
573188,1123602628
573348,1137210596
573476,1144567557
573516,1144317057
573564,1136118813
575124,1123511229
575226,961678612
575224,2001310
575397,1140832592
575921,902469503
578474,1046914029
578654,1055532722
566032,1055784551
579125,1046915392
579457,1046915120
579705,1162247512
580097,961678690
580353,1046915436
581084,12515919
583427,1058055895
583709,18056295
584046,19979399
584708,1000646061
585367,1147272775
585832,1168321320
586126,1163211608
586290,1165890210
586518,1059899283
586927,312574693
587048,1167322857
587112,1161855076
587469,18941804
587650,982825366
587723,554104529
588642,1179062572
588802,1123352864
588894,1136118811
590131,1173715417
590469,1059926641
591326,1176279672
591519,1168339172
592264,423417
592707,424996
593071,1239748504
594224,1055245024
594599,471985
594713,8869115
594917,1166402807
595138,1046915821
595218,763523814
595504,1336310
597166,18012765
597362,859055797
597910,1169768135
598148,21540306
598600,1843946
599116,1217652900
599408,886254378
600274,1029530507
600425,1166246859
600543,1234062396
600575,1134946082
602421,1123401055
602696,447977907
603639,1020074994
603939,1046916173
604138,999186492
604206,1191466610
604374,1096866405
604576,1252647227
604430,373852515
604792,1053597501
604823,1220627624
604926,1204349512
604958,427674
605282,918792586
605874,37367
605931,1217958782
606064,1235109404
606180,1217510971
607024,1206758414
607036,1899260
607078,1192739792
607210,1831009546
607623,525744286
607707,1208842698
607763,856576126
607803,1198225425
607855,1213595658
608390,19733608
608606,67417314
608704,1059642365
608922,1207811900
609448,1146683
610686,19010629
610726,1220616395
610758,1134799242
611192,1243330216
611284,1087102417
611419,1046915571
611924,1123387809
611986,129576
612186,1237582289
612226,1046916063
612294,1217649358
612350,1208841343
612426,894648019
612462,1231444807
612518,1230825440
612630,619615492
612734,3616711199
612870,1020055075
613046,1020105542
613244,1011892384
615235,1226914625
615331,1147344042
615670,1230209617
615714,1260387392
615954,1231907291
616342,982927705
616382,1046915958
617307,1293726485
617360,1359795506
617413,1245706705
617606,1243506853
617738,1251206540
617886,359461377
618122,1061429750
618158,3499148769
618206,1295887287
618762,1192630273
618899,1269130316
618979,1230822342
619432,19093370
620146,1181935706
626551,1123390727
620282,1268815416
620318,1261201558
620426,1265752440
620510,1259526904
620606,18867898
620838,1336114833
620878,1336131088
620984,1292119573
621225,1308956275
621419,1313013844
622361,1016822331
622741,981411957
623301,1268800511
623329,1270233901
623369,1270885003
623487,1254117153
623579,1279830061
624049,1282839934
624341,1301333656
624453,1284475547
624485,1288436791
624739,1272024593
624790,1241164002
624944,1081655877
624992,1195511870
625104,1364172260
625521,1290794750
625539,1270826024
625653,1243427996
626147,1049283743
626971,1208841559
627363,880922326
627469,1217596143
627657,545350966
627717,1046915345
628281,1123597025
628954,17339702
629046,2499342
625737,1308396011
629459,668926962
629547,477611711
630368,726231478
630849,1046915461
631082,22170307
632154,1059913750
632328,1339294405
632372,1305542910
632396,1300359760
632416,1306580393
632640,1303016822
632800,1316325376
633267,2455347
633303,1196360109
633411,1037189935
633507,1067328030
633559,1290681586
633831,937314252
634303,1318520242
634602,1046915274
634694,1332060180
634802,1318609880
635442,1208841808
635482,1339133081
635498,1245086418
635538,862176034
635646,1339131254
635758,1231753578
636102,1081629547
636257,1292097789
636305,364788664
636333,1337782100
636988,1326797551
637116,1334034689
637184,1495047551
637208,1327216528
637302,1334328157
637600,1346387533
637791,1301613194
637839,1339110685
638373,1301493588
638563,1327108063
638821,1347879462
638877,1339338834
639045,1339368591
639551,1343837855
639745,1046915455
639885,1241196053
639929,1172774992
640195,1346358654
640235,1351176664
640325,1352079227
640361,2207248
640421,1028425236
640664,1130658346
640741,1356289397
640902,1312990812
640962,1327041907
641066,1364038548
641198,1142203
641250,1337735904
641346,1349860799
641416,1339317799
641569,1337736339
642431,1144006062
643236,1381037407
643393,1354633517
643549,1362439505
644107,1198087566
644728,1053470645
644820,1231824994
644908,1354453110
644980,1378768795
631440,1293813468
645245,1343971805
645253,66134412
645293,9997591
645401,2285877
645801,1344344594
645885,1378229203
645957,1376678687
646153,1393532434
646325,1245072101
646415,1440278115
646435,1362417580
646459,1351952796
646967,570878549
647013,1046915523
647173,930134068
647202,1046914033
647651,66471590
647763,17654958
648228,1046915553
648332,1376679510
648460,13135147
648568,1428259491
648676,1046915501
648740,1059890906
648804,1394466767
649176,1367267074
649410,1328348354
649418,1293752630
649872,1379566853
650024,881868617
650060,1389332325
650108,1281520782
650140,1410285981
650172,1394193512
650204,1394193532
650621,992175959
650702,403310
651571,17118344
651791,1080675781
651841,1046915188
651889,1046915122
652147,1386541792
652406,1389615238
652745,19643707
652962,17118213
653252,1416386809
653338,1400533951
653786,1420447106
654079,8220582
654127,1381995512
654183,371691379
654260,1379509888
654300,1449566103
654364,1046916176
654416,1400576861
654788,1097947249
655142,1490458359
655797,1460764265
655821,1432059764
655853,1414819547
655929,1034884032
655989,1435325152
656199,803477594
656765,1367923860
656850,1375397119
657078,1430108148
657110,1356201214
657354,1426503070
657962,2473054
658380,1139667332
658493,1449204618
658754,1432247656
658878,1234040475
658929,1433364221
659025,1053506413
659532,504646615
659613,1420785608
659658,1374879893
660082,1450748670
660253,1452931257
660289,1413017689
660510,1453450390
660776,1031384015
660988,1469959211
661151,1475322948
661311,1130674119
661352,1468794331
661432,1451530927
662357,17118012
662642,1161855126
662727,1241122187
588204,1107079715
662966,512082756
663110,1290936479
663138,1473426877
663236,1481276058
663284,1481276044
663308,1468794313
663400,1470229189
664243,1902561063
664415,1390596428
664650,1492287465
664870,1020098439
664887,2209897
664951,1476660383
665011,1351640490
665071,1460465627
665180,1481131870
665273,1528666231
665660,1459521632
665705,1490898348
665877,1495272779
666268,1477728923
666308,1477728965
666406,1473103865
666518,1508044826
666552,1441826621
666775,1380048335
666975,1486266385
667135,1505119738
667115,1492457501
667377,1446077437
667451,1252317150
667607,1468614244
667885,1487378924
668024,1492319055
668344,1485725960
668384,1501836053
668556,1479417183
668580,1473156690
668612,1495288083
668802,66714351
669388,1508079289
669708,1482787167
669864,1503247624
670419,1510042873
670862,1300378751
671109,1081650260
671178,1055771262
671342,1274707599
671560,997828076
671954,1241212861
672158,1243518087
672645,19938494
672784,1529414149
673067,1457538057
673939,1375024312
673975,1533003262
674319,1509354673
674656,1136057248
674889,1527045642
675216,886313402
675381,1644055773
675698,1337650622
675842,1531422496
676009,1529704172
676261,1463775417
676405,1518860965
676437,1487880820
676453,1468613896
676557,1136001878
676662,1046916158
676767,1536805125
676831,1527059038
676868,1487773498
676905,1538366360
677018,1654352126
677066,1520457112
677622,1508137268
677808,1692723240
678036,1532955289
678168,1534806993
678188,1539900903
678404,1490899146
678480,1053490248
678492,1672161559
678643,1536529383
679054,66044045
679383,1523907639
679833,1444810721
679862,1492530846
679899,1508106623
679920,1509527659
679973,1479543027
680250,1491143739
680362,1140832592
680446,1620536777
680591,1707856810
680735,1053503056
680816,1535194458
680853,1509549718
680915,1548739415
681137,1629055076
681178,1490897466
681422,1490897936
681542,1121828172
681814,1512752716
681932,1163426678
682092,1705935184
682184,1195511961
682352,1315954918
682420,1429053324
682728,1049966426
683008,1624522090
683170,1612167851
683296,1648269125
683457,1643726373
683486,1656188393
683515,1683114775
683759,1707938383
683886,1017058069
684045,1393532586
684143,1538224269
684241,1264047511
684321,21492705
684828,1686140971
684868,1529222588
685359,1533007219
685479,1272687901
685945,1628330161
685985,1034906041
686097,1643251669
686153,1490904101
686205,1460465945
683548,1523559949
686530,1683114592
686583,1700250489
686612,1460764233
686890,1380051041
686927,1690439203
687246,1656145600
687322,1475299629
687354,1490463361
687402,1339714898
688016,1682308831
688064,4584819627
688160,1294181921
688204,1703517839
688562,1506245649
688768,1705499150
688912,1523564586
689078,1234358239
689122,1727568589
689139,1716567704
689288,1620344127
689369,1711594834
689578,1692424045
689626,1693274276
689674,1700580783
689778,1490897032
689902,1490454923
689994,1697658096
690062,1635976005
690130,1712434925
690142,1685599402
690202,1685599422
690242,1463998563
690460,423499
690789,1769586043
691065,1739048725
691201,1744820543
691253,1682388476
691309,1742086589
691743,1046915841
691920,1702641299
692020,1059942569
692025,1826263884
692241,1487801583
692330,1491143869
692373,1733576785
692870,1625276321
693258,1547463721
693552,1760775072
693576,1274767896
693902,1837139583
693954,1028993700
694110,1818462298
694178,1352212822
694591,1748100908
695314,1517518739
696022,1274648311
696347,1636364770
696698,1748355053
696881,1163393090
697062,1748341669
697175,1682474721
697184,1796085795
697491,1519092102
697489,1443670102
697492,1270837296
697490,1450853280
697743,1702142
697803,1757574034
697840,1775455350
697972,1707934755
698075,1130653065
698554,1376932609
698133,1443670238
699123,1762633561
699155,1517406095
699190,1750067904
699558,1227921989
699843,1533012296
699643,1520308324
700522,1463986562
701514,1241168692
702028,1053491950
702727,1519091656
702947,1450784427
702975,1482900873
703653,1443669874
703849,1724095699
704185,1539453929
704584,1885495353
704965,1995316263
704981,1895176505
705033,1787630768
705178,1679593675
705206,1517353804
705422,1758273834
705651,1717457320
705727,1778205247
705234,1491143983
705783,1733539661
705895,1107465334
705951,1742826614
705251,1775207808
706371,1451180930
706491,1517522178
706535,1542599634
706747,1788969477
706779,1490462147
706899,1798277956
708475,1259548335
708615,766995021
708667,1481346009
708791,1793263358
709115,1765632612
709170,1519092050
709313,1046916124
709406,1443547418
709637,1311637197
709762,1844470703
710258,1501789658
710340,1795677585
710464,1490897286
710692,1813595260
710656,1848337437
711058,1833021390
711094,1750058787
711138,1839280286
711210,1441656907
711319,1791313142
711620,1893132809
711656,1390744162
711736,1883726261
712837,1320184242
712963,1846226619
713393,1435320494
713645,1377141430
713765,1490899708
714099,1830480609
714507,1866681304
714990,1136001878
715261,1487657382
715321,1902612170
715552,1872312680
715624,1872312692
715725,1887488157
715777,1867541074
715849,1697970200
716225,1775684580
716796,1921449393
716852,1905001930
717304,1490899492
717349,1490462129
717408,1862184436
717767,1866720269
717937,1000982377
718273,2373784
718433,1471765415
718621,1490462137
718669,1490456729
718765,1864474241
718837,1632922383
718993,1487656566
719213,1875795984
719596,1707855486
720157,3144084367
720217,1000797736
720407,1906628845
720427,1490457853
720531,1887723526
720647,1520308398
720775,1921455782
720946,1309725979
721002,1922217909
721500,1787000299
722073,2080505075
722215,1200519107
722247,709491414
722311,1887680568
722427,1165152819
722591,1937522963
722707,1905890868
722897,1490899728
723005,1926124854
723145,1939095501
723390,1926128861
723734,930115913
723908,1933483986
724000,1921452309
724236,1793116231
724865,1277012889
727957,1938277680
729099,1447620390
729203,1135992577
729833,2003635631
729869,1854020029
730052,1533203629
730116,708589050
730280,3283595337
730666,1641476649
730762,1337879177
730842,1980005581
731037,1226650580
731193,1519089240
731384,3295008523
731045,1520308254
731484,1386748905
731981,3204075447
732045,1850346354
732445,3185050578
732505,3204378072
732549,3204378068
733034,1392654426
733086,1231697122
733126,1839280278
733174,1680989279
733306,1295299718
733718,1490898774
733962,1450865546
734146,2003620410
734170,537237533
734284,1252380531
734336,1952213963
734388,1059930455
734448,1443669244
734932,1991882750
735362,1629151988
735819,982844461
736117,2077737823
738817,1441827239
739186,1946114278
739262,1705498672
739358,3263965267
739584,3163011962
739811,1536530394
739994,1490454989
740090,3150749058
740298,1490899338
740475,2026961570
740531,2027077835
740924,3178237771
740964,1998945385
741164,1300375604
741440,3154435189
741492,3157038893
741647,1490462117
741720,1285008503
741976,2003648894
742068,1536664734
742196,1539871066
742316,3157396031
742376,1779769915
742766,1998696133
742904,1533122013
743052,3227333584
743092,3206805400
743588,4064996367
743636,3280955448
743811,1491141480
743859,1490899636
744639,1822878736
745785,3197039335
745833,1053487330
745921,1907472266
746009,3283523828
746125,2030037236
746357,1909307578
746417,1969981881
746586,1909637604
747050,1681961845
747179,3206668963
747235,3210517302
747267,3209087743
747615,1163311698
748044,3214605557
748076,1490458243
748260,1762544162
748296,3169930517
748392,1433884878
748428,3254875794
748548,3221589091
748691,2017654117
748731,3241943260
748803,3233465825
748935,1487812885
749239,1887712519
749287,3256810783
749335,2026577322
749423,3332828522
749532,1078239092
749889,1848453329
750001,707288043
750057,3259169612
750105,2098217815
750145,1539821375
750205,1533203635
750253,1972574628
750293,1487657036
750333,1487814583
750373,1231766532
750433,3278163685
750953,18144498
751154,1450941105
751534,2014475660
751581,1805323498
752147,1517637865
752245,3245326698
752349,1490462229
752489,3263374127
753198,1517412433
753334,1539486982
753418,1517476431
753514,1517457357
753686,3337581702
754248,3443319648
754296,1548730263
755209,1536665933
755332,3227364212
755512,3227311214
755983,1529514919
756135,3275666942
756267,3223796779
756869,3258923153
757020,3383329324
757260,990857177
757468,1672592668
757520,1547465712
757584,1651918155
757676,3322161061
757704,3343010171
757732,3299556549
757784,3318171758
758112,1814439386
758220,3328721890
758543,3277799182
758847,3288943364
758974,3357945620
759164,3322224042
759424,1945933837
759572,1520315266
760178,3405874980
760262,3361848647
760470,1547449526
760666,3380260199
760726,3428630407
761204,3458597424
761836,22341430
761884,1829581290
761908,918743283
761962,1919256500
762134,3382895984
762430,3393724606
762478,3394688403
763221,1641420771
763253,1682419341
763446,3312795169
763490,3227358506
763598,3322113559
763630,3407815847
763710,2003666202
763910,3282206008
763990,3394729642
764314,1887725612
764350,1487799277
764382,3458301993
764461,3402320520
764776,3371221507
765243,3232633532
766198,1454310587
766238,3383289686
766326,3411752978
766374,3427079299
766986,3414810357
767221,3434933627
767273,3452761026
767686,1909172324
767974,3410253489
768130,2116246363
768414,3256890222
768518,3443117176
768629,3388912230
769196,1718566984
769228,560590137
769412,3470164904
769763,66164898
769971,1426326214
770031,3460189677
770111,3491172022
770225,1330166525
770409,3476110168
770581,1632922733
770641,3380259967
770789,3452121140
771275,3432828711
771299,3492813286
771578,1892273829
771654,3152013918
772174,1278881507
772391,3258985978
772541,1547470464
772720,3657379380
773144,1444863841
773204,12085499
773652,3511034245
773696,1897528247
773811,3478582593
774189,1707856110
774237,1782885282
774301,154220
774477,3364523903
774553,3524257481
774738,3206794740
775145,1776133141
775517,3394765761
775572,3568335123
775596,1545710565
775824,1547440054
776088,3554879479
776152,3532169118
776235,1450981734
776607,3545047366
776747,1786794912
776775,3524061402
776807,3533187128
776855,1520550101
776903,3144066846
777144,3480457144
777208,3452723211
777244,3567035343
777448,3592661924
777855,761705375
778859,1536665099
778899,3458114940
779126,3567036832
779162,3444215943
779194,3587867209
779226,3598281116
779446,3157300991
779590,3545772607
779650,3447018483
780110,2026690227
780390,3589250783
781090,3893368106
781130,3651265064
781746,3536927432
781891,1786893472
782043,1273033076
782227,1854045007
782339,3447018548
782915,3710493533
783023,3616727887
783063,3411808268
783173,3609292002
783433,3626606814
783461,3520582335
783561,3629374641
783625,3596294386
783852,3572059059
783789,6950260560
783924,1687776418
784063,3572093543
784665,3557554785
785058,5602963487
785438,3609319275
785478,3597301917
785582,3669768667
786132,3426967255
786444,1034889179
786484,3447018598
787166,3641352466
787198,3654208535
787285,3673686533
788166,3572069300
788322,3498973057
788382,3774617359
788513,1037972303
788964,1748117767
789640,3196824084
790180,1967252876
790304,1690355773
790724,1956952
791912,1344536711
791956,22423691
792108,3383389153
792140,3923948349
792188,3447018306
792220,3928247172
792461,324723232
793338,3380259861
793594,3543112159
793690,3358209913
793842,3575822374
794004,1389607597
794553,2001885398
795043,3505269018
795094,3505255110
795142,1538366388
795415,4478455178
795554,3505276203
795759,1079851654
796015,3391865718
796067,3543026972
796323,3537303730
796411,3965239856
796901,3355649171
797121,3288950948
797333,3444205634
797663,3408087272
797724,3355609132
798000,3763789940
798176,3752541385
798953,1809883698
799069,3744907254
799133,3995456101
799205,3958169892
799406,3517486700
799578,3923880835
799802,3927230050
800086,3573865370
800684,3951420961
801107,3925024436
801299,3248899280
801678,3408598352
802318,3444192608
802378,3537275773
802547,3391338842
802627,3187093644
802683,708589585
803022,3431637486
803234,7304913460
803503,4005432500
803603,1498353998
803655,3357945272
804170,1916247180
804421,3940223977
804613,2001512
804952,3569700416
805068,3613303646
805180,5282208523
805332,3246213661
805682,219794
805800,1539704524
805848,3629839429
805988,3974861933
806008,3944320436
806042,3981993541
806526,4009958651
806802,4007533516
806834,4004428408
807156,3590121532
808459,4042623146
812320,3288955804
813333,4016715828
814462,4022084615
814547,3944590856
815125,4067144999
815213,4044087895
815353,1199581670
815537,3241587189
816595,1410308038
816796,3283811209
817618,1686752722
818242,4114087785
818322,424548
818382,1638396
818442,12722597
819134,3971909910
819794,4057895882
820072,3557561592
820184,2017591238
821253,4167191014
821289,3936106146
822663,4019741263
822755,3432829023
823165,4116151087
824453,1707853810
824641,4113959532
824677,4273812695
824717,3569639124
824829,3505221226
825181,4124779083
825233,4141615296
825373,4112111912
826004,4634828191
826056,3631064259
826200,4153433459
826647,4158421295
826731,4163179108
826927,67848121
827091,3757890479
827131,4104471530
827300,4063222009
827354,4190763599
827436,4042619790
827616,1514651002
827760,4150552671
827788,1498353896
827848,3411728173
827939,2017553091
828030,3598878742
828237,4225673152
828277,3643227631
828809,4126161703
828937,4181678837
828933,3598869191
829085,4202033835
829178,1873953817
829513,3191313310
829625,4201480892
829776,4212134697
829936,3569616532
830032,3569618419
830072,3950194039
830148,3297781858
830224,4196503679
830236,3569623729
830592,3302654582
830632,3277855601
830680,3394780578
830720,3496468947
830776,3639766913
830808,3396050800
830876,3456171416
830964,3967846936
831361,4212450917
831718,4153451635
831738,4057903328
832329,4227143364
832740,4201481310
832966,1866547
833058,4242494919
833082,3758040484
833345,4194559726
833385,3631069788
833589,1046915544
834234,4248442846
834462,3569655223
834418,4257461308
835532,3177791593
835568,4201481008
835942,228769
836407,4270380126
836605,11923707
837287,4267869692
837401,1795686198
837464,4324136138
837533,4324137216
837584,4324136132
837626,4324137220
837662,4330421918
837784,4342248103
837868,4326534128
837922,4103016435
838958,4322734770
839307,3624522688
839549,4350381633
839928,3936063681
840458,3452532111
840479,1613846338
840629,3222902436
840737,4347828511
840776,4347494242
840821,1909249050
841263,3358209498
841308,4377754919
841392,4200365815
841445,4486651608
842162,4087499637
842273,17117946
842438,16816936
842747,2450868
842693,1450853146
843053,3174169278
843272,3521258498
843371,1938681649
843453,4416714417
843857,3579239412
843890,4418237546
843878,3174144661
844139,4164615213
844157,4066374646
844319,673521
844425,4392262416
844540,1308468530
844579,1286612496
844717,3355664714
844813,4089226070
844897,4366050225
844942,4399799391
844996,4399798020
845107,4386522577
845202,4588137954
845651,1952220988
845666,4373767962
845756,4408611278
846162,3358209684
846207,3565268457
846246,3543040968
846291,3227268359
846372,1496598778
846438,3569684356
848121,3259834603
846686,4312431249
846881,1533110505
846917,3355575349
847004,3631090472
847034,4528911185
847223,4062021414
847262,3337577559
847336,4397758894
847365,1301389337
847482,1221887023
847722,4326522312
847847,4445430630
848229,3543020520
848226,3223494698
848274,4452652566
848323,1921453890
848368,4492219839
848386,4544087328
848886,5212548594
848994,4453438621
849024,4453438603
849087,4347252565
849910,1613869506
850687,3358209347
850861,3426940177
850922,3233111776
851593,4544974216
851617,4459607145
852019,4511522333
852095,3926237781
852544,4172753331
852568,4453336433
852867,4460073272
852897,4493604648
853047,4515135274
853651,4166088040
853945,4486314041
854219,4551196364
854627,4307642015
854675,4269692862
855150,4359413910
855445,4576070596
856101,4602250367
856116,4623341769
856149,4558537600
856293,4583898492
856428,4485579968
856740,4584801795
856755,4347155408
856940,4625328013
857116,4617879711
857361,4595295757
857976,4625328025
858092,4594280636
858122,3279966821
858167,3357386422
858197,3233172879
858343,4633876639
858466,3543094494
858502,3631073658
858586,4305535645
858778,4463701547
858888,4153409217
858962,1508217543
859203,4780984159
859302,4633427663
859422,4656596909
859515,4310580301
859696,4087446701
859761,3457329733
860033,4166108032
860066,3524468527
860295,4470456428
860370,4705209424
860382,4784200447
860406,4681833892
860463,4470362688
860484,4664962205
860733,3752818055
860787,4068720565
860838,4613211085
864125,4698165191
861111,4634393583
861773,4470318450
861830,4676711284
861854,4699885735
861890,4680531278
861920,3915517663
862004,19186747
862025,17268166
862052,280168
862223,1189776
862256,1795719
862397,21751992
862436,1149163508
862712,3481791912
862869,1288022200
862919,4676355221
863611,3318172175
864212,3709278889
864467,4703696907
864581,4441245960
864688,3408933313
864721,4755463509
864938,4730137465
865317,4780657907
865425,4200389476
865455,4716495348
865674,4758653454
866264,2038119425
866384,2011553347
866684,2038119439
866853,18860894
867288,4766944332
867357,4762612652
867480,4670238906
868769,1903547
868784,4767577555
869136,4782808942
869258,5533526422
869767,3365173599
869905,4148717681
869972,4223226585
870328,19955728
870572,374328
871278,4860809333
871456,3927303384
871630,4642570216
871821,4665171319
872076,4272651609
872247,4805776002
872344,4832520275
872494,3380260081
872653,4739752867
873462,1777388360
873669,3469817500
873873,4833150925
874095,4334413915
874155,1547437319
874203,3529341346
874216,4064958684
874972,4122136517
875011,5960326837
875098,6916483080
875371,4873348812
875464,4676229767
875490,3432828826
875586,4937585032
876046,4883563263
876106,4902288220
876181,4888161179
876304,4492566390
876400,4492791687
877030,4958652212
877249,4218454329
877471,4937454861
877492,4977659964
877657,4915142530
878348,4892194758
878393,4291975926
878837,4941123880
879071,4977870842
879122,4928593184
879368,4173267622
879416,4793686976
879527,3543106783
879566,4515136446
879677,4478154637
879779,5001251058
879800,4696405544
879830,4720293976
879866,4986361912
879956,4720286053
880034,4997059525
880070,5779079196
880106,4689016255
880136,4836285030
880160,4540561500
880205,4836293008
880256,5085416019
880704,5078184290
880763,4347252825
880805,4918415900
881214,5022697583
881855,5116364297
882054,3452746074
882411,4329730639
882459,4107186350
882785,4508378268
882822,4974315111
882851,4901925353
882875,5026723028
882932,4316433947
883075,4999979206
883226,4684718101
883388,3383452025
884062,5087163273
884270,4754099697
884394,4901207204
884581,4905262833
884707,4733252631
885122,4563503305
885236,4839848697
885389,4833219966
885689,4771831225
885713,819428
886091,3958605667
886315,5055850942
886399,5122924678
888146,4676317184
886546,4463889961
886888,4733376544
886930,3543032788
886966,4844832069
886984,5100902885
887008,5100969234
887035,9622057
887863,982825972
887972,4987803057
888041,5073786614
888158,4999307779
889794,5116380980
888489,4145445853
889159,5138243763
889258,4824239425
889306,4871576975
889498,5088918329
889524,5116371572
889584,5154916136
889932,4571912205
890338,5103254121
890350,5116372780
890410,4478156736
890500,5114914980
890671,4540444658
890809,4563451861
891475,626406340
891521,4856343707
891594,3380260258
891705,4261308034
891813,4217636435
891849,3943876214
892086,4579841536
892134,4865973417
892799,1690500481
892835,3953159885
893122,5188187929
893146,5191292132
893677,4644565693
893864,5159705350
894056,5220060492
894071,9367818
894101,1895047349
894135,1093567809
894468,66953542
894582,1029453964
894639,939969754
894735,4469917716
894771,1295418898
894894,4363885174
894918,5178413310
894947,5184058090
895280,290913
895658,3263279866
895724,4812383874
895943,5199958661
895973,5289179439
895997,4414615274
896084,5113747717
896159,5171709937
896303,3433818244
896820,361415325
896919,5278024800
897011,5200050976
897071,1560238
897242,11845897
897346,4612446926
897414,1268892393
897782,5240256468
897809,1988799257
897845,5242971092
898457,4933797097
898624,1490904227
898666,5239558824
898828,1805326002
898992,4814671837
899013,4814684130
899111,5285813283
899336,4754105743
899542,5420340343
899870,4933753184
900075,5247652196
900750,3502238854
900837,3598772925
900939,5334718551
900987,4754092310
901113,5212485768
901360,5385450319
901390,4754110371
901580,5099086664
901610,5242971104
901634,4320217119
901724,5242971096
901859,5294816960
901883,5297883447
901934,5289916744
902029,5289319773
902222,4524343985
902353,4518804690
902365,4543720624
902556,5163199660
902646,5150872809
902671,4814289395
902906,5123252314
903044,2011987591
903080,5020417179
903152,4358464283
903170,1822703047
903823,3941891576
904060,5151178940
904242,5345567475
904355,4844369734
904403,4470086219
904714,4881081502
905186,5459697723
905225,5406258115
905258,4844405202
905600,5376203500
905684,5355716983
905711,5368651433
905753,5341514702
905837,5391527173
906113,3757016635
906170,4708231905
907134,5376205974
907263,5396239100
907344,5376205970
907416,5355473671
907505,5384314922
907568,5381404968
907604,5381404716
907688,5204148097
907742,5463293422
907910,5312417033
908440,4010720408
908794,4689116946
908893,5480479155
909038,5277169110
909062,5459918588
909717,5382861557
910136,5444672883
910160,1477965821
910199,5107756437
910535,1547434387
910874,1356448460
910919,5443688681
911003,5502067487
911033,5463113264
911303,5435065425
911483,3971912841
911595,5207607654
912270,4614917678
912594,4793655129
912620,3598782915
912843,3521233372
912918,5531868000
912972,5483504864
913002,5676333776
913053,5552124921
913482,4720335407
913533,5501901336
913848,4306836221
914001,1069104604
914085,970958416
914122,3174235697
914345,5107445946
914366,5483469006
914423,3943916489
914695,1451685009
914770,5508054495
915104,4714968078
915246,3933329848
915484,5519650518
915822,5627677252
915967,4197941160
916036,5154536337
916203,4571561276
916309,5620438188
916331,5620441568
916464,5581112615
916574,5682025328
917417,5272560490
917418,5602619617
917420,4707024317
917439,5960330804
917452,5700066045
918259,5633842005
918742,4767325296
918947,5620855093
918993,5642496222
919514,5577753255
919538,5608414601
919593,4547279204
919720,5637745332
919766,4521204055
920450,4218454407
920610,5568860124
920639,5637745328
920740,5628064401
920902,5628083311
920948,4521901145
920994,5577655134
923074,5732430569
921878,4797672865
921942,4835465601
921985,4524138849
922022,4614917846
922296,5628087927
922339,5627272600
922658,5642795939
922828,4814617592
922910,5709784150
923021,5629925830
923046,5631401277
923078,5660646239
923710,1095959
923734,559908141
924065,5681581196
924117,5122460028
924139,1768538
924209,1830515077
924344,3996871284
924433,5714462572
924623,5602909109
925443,5579036631
925753,5689732451
926424,5712358413
926693,5750465342
927021,5710641171
927122,4329360323
927324,5623373231
927756,3550468700
927792,5854358143
928543,5755769027
928568,5830184414
928584,4256847307
928600,5813719262
928988,6023108114
928989,3414156879
929116,4501418256
929188,5272504586
929476,5799240703
929797,4589682124
929834,4861652729
929868,5764326624
930014,2291925
930130,2015142991
930646,5342133699
930677,5798570981
930705,5774979769
930724,3988147808
930764,5801408541
930861,414703
930951,1740091
930980,239460
931220,5768382601
931283,5812368404
931303,5812353555
931542,5790240542
931715,5823313368
931757,1511639
931874,5776662155
932398,5013208533
932756,5737344471
932796,5854345023
933187,423492
933218,1694831686
933322,4579719401
933379,5918495705
933519,4856010444
933719,5652919495
933762,5805079592
933930,5840480095
933946,5837494856
934070,4881088223
934283,17262648
934299,309186869
934424,5172545536
934487,4537325978
934595,5581683867
934699,5812771597
934754,5776662165
935098,5849850565
935168,5854146713
935259,5580337563
935311,4543701018
935504,5631094999
935541,3397745746
935686,3542558018
935726,5333031870
935790,1519090614
935832,4560683822
935914,3743093313
935927,5922436237
935995,3554859823
936289,5909422978
936288,427871
936512,5026181748
936600,6097759720
937184,5779029192
937437,795383745
937453,5313027385
937845,5855650098
937967,5837734855
939181,5735958523
939197,5735910062
939222,5892936400
939436,4869457947
939671,4793643685
939744,4793671731
939772,5870987744
939800,5849961316
939828,6033344322
940244,5909173462
940337,5128619985
940408,5599713128
940469,5917886353
940491,5971696595
940513,5972375457
940586,5882524523
940759,5921330751
940772,5849972037
941184,5900395867
941237,5960825299
941283,5960331832
942287,5605035625
942326,5914428701
942411,5931501209
942613,4249398503
942670,5929433092
942755,5925496242
943770,304342992
943820,3545786348
943856,1216301
943896,5935944020
944014,1098294082
944092,4572377195
944293,4981170923
944339,5946384787
944403,5992069100
944782,5758439229
944843,5968899845
945473,4859870389
945674,4273178186
945687,5161898806
945778,5975705235
945965,5754256882
945996,945720838
946085,4843188320
946681,5960875932
946798,5528096762
947017,3528992592
947052,4644655055
947322,5998403434
947350,5368494862
947831,5983329772
947862,6015584108
948310,4664610259
948365,5968541368
948443,4543750126
948754,6062746184
948797,6074105667
948810,764769
948955,423460
948984,423498
949031,1253497
949610,3447017149
950453,6146738370
950532,6030410703
950736,4236499931
950842,6030410591
950870,4718838739
951374,6024815917
951450,4823940228
951867,1775224243
952162,4679783556
952249,6146738380
952508,5887547728
952607,6066762988
952703,6019633211
953408,3616848814
953750,6048860312
953809,5329793744
953840,6066688905
954345,3971915430
954414,6106947073
954519,6070358866
955362,6015708060
955483,6105279550
955524,5219555803
955572,4525745090
955743,6117190308
955834,6114850214
956055,1276980477
956224,5814081397
956291,6123264919
956361,6123264923
956383,5946384927
956453,6070398242
957097,6137291433
957155,6015710145
957222,6159058897
957415,6098824622
957476,5992446252
957577,3469804542
957665,3651495475
957756,999187123
957883,4803433144
957926,1330084
958134,3613495695
958177,6114832766
958245,6153948993
958375,6105141784
958548,6152674993
958693,662994071
959258,6157501961
959731,6024753464
959767,4181571026
960104,6165241641
960197,6146738394
960198,6125184739
961517,6085577296
961731,6125184753
961747,5508880570
961826,1559578
961926,6267015972
962054,4861113019
962589,6015786999
962615,5187493172
962828,1234114434
963225,5905633221
963259,4018476376
963386,1703729789
964057,4507943307
964088,4884086666
964143,5727852292
964183,5131965639
964228,3233085676
964811,5518495050
965111,6019317184
965181,6231666030
965472,6158230695
965503,5708873835
966077,5628083311
966084,5642266721
966319,6278188013
966413,6158955016
966841,5238793413
966863,6262446934
967238,5871233167
967427,4607822826
967479,6019531082
967527,6285676167
967555,6285689339
967751,999412154
967970,1800540937
968139,5868011563
968255,6259939594
969972,5100786981
970432,424989
970642,4539218879
970745,6162769126
970797,6263555266
970867,6248990578
971092,6222201087
971132,6298947491
971193,6262450615
971224,6300265513
971225,4628678762
971370,6341464942
971371,1764795619
971864,5709784152
971900,5964288877
971973,5089337171
970038,3255221629
972239,6338951313
972756,5905364878
972945,5980347669
973881,6335439121
974331,6085663149
974422,6311834300
974451,6090076954
974498,5799061511
974634,6159029675
975039,4129841724
975235,6015772285
975299,6366284540
975369,6393212280
975600,6386373848
975839,6126169752
976638,4326097073
977032,6126108667
977210,4432317027
978058,6322641683
978801,6015729795
978895,6085578474
978941,5789776784
978991,6126145627
979037,2169469
979530,6420353156
979558,6038647314
979781,6505132697
979899,6356873250
980434,6369015582
980732,6126165379
980896,4459759659
981009,6104835402
981058,5238792288
981107,4579185421
981141,6140645236
981218,5353153746
981399,6385166365
981960,6104958229
982360,6363757302
982463,6114793795
982593,6085573603
982636,5238795617
982637,6137235953
982716,6266988596
983113,4016574907
983558,6223577058
983601,6561602047
983801,4789726179
983886,5905269272
984492,6426549719
984541,6426555970
984611,6443164989
984660,6443164999
984722,3355628989
984908,6407961109
985185,6432751816
985207,6432752272
985250,6426555974
985336,6401275751
985479,5964065305
986106,473322445
986197,6400500170
986859,5139378335
987840,5380803238
988240,6473037391
988268,6125951762
989054,6403098524
990288,5577767524
990370,6424723636
990407,6443894513
990564,6645979803
991825,6386370585
993539,6023107832
993562,6511961624
993578,1152321203
993596,6285736589
994634,6499679898
994695,6379451660
994896,4902234196
994939,6680649082
994997,6038671458
995016,6489899750
995186,5518510829
995208,5753538652
995257,6162648599
996383,6876574881
996540,6436658146
996547,4740082447
996671,6133056103
997667,6497066182
997764,6523601874
997861,6601401001
999013,5789952653
999092,6601805097
999153,5698581259
1009096,6850075712
1000008,6598363412
1000051,6537697620
1000118,1171365
1000841,6531289265
1000874,6366268217
1001846,6581479630
1001969,4595657682
970306,2253260
970316,222512
1003155,6598803010
1003270,6528702842
1003679,6572051441
1003714,6370808292
1003760,6533457102
1003866,5130651204
1003894,1980397308
1005000,6589520227
1005398,6583623367
1005469,6596839434
1006502,6617848614
1007349,6022660743
1008521,6038836143
1008922,6676546118
1008944,6618434063
1009041,6738814686
1009214,5947449721
1009393,6618292701
1009409,6688442693
1009899,6621175171
1010587,6019668742
1011615,5874276062
1011699,6604312252
1011749,6366182897
1011801,1808332
1011870,2169493
1011969,8131989
1012161,274312
1012273,2471818
1012645,1773766
1013056,1852917904
1013207,6669241995
1013457,17739095
1014266,6811205393
1014288,6612069089
1014648,6662323672
1014816,6630943495
1015071,5809044325
1015093,4741318796
1015146,6055765039
1015426,2126931
1016154,6589978436
1016305,6652439898
1017121,6563590770
1019659,5813481324
1020284,4896101236
1020357,6871924460
1021985,6722335576
1021992,6717013938
1022957,6669022830
1023972,5704730083
1024269,6680172565
1024440,6762522065
1024691,6728928296
1025479,18073658
1026158,6745934105
1026248,6757636671
1026273,5184545568
1026364,6736414107
1028544,6775008582
1029653,21721265
1029977,6672535623
1030375,5120922747
1031595,1509238735
1031932,7489572496
1031990,5887547724
1032617,4733572243
1032684,3529224521
1033052,6725974077
1033282,6473992518
1033866,6083306154
1034166,4611217194
1035165,5301000777
1035321,6517912635
1035468,5710542753
1035621,6840383211
1036270,6688804022
1036568,5503707153
1037384,6401323583
1037454,6817888540
1037665,6791972832
1037784,5837434106
1037818,14415681
1038349,6126145635
1038638,6443297220
1040199,5509907538
1040465,6826289405
1040595,5420836683
1040600,6104993294
1040645,1501605029
1040800,2084145
1040828,2170867
1042291,6844167183
1042352,6844167187
1042421,6826277667
1042854,6780294375
1043115,6141566677
1043242,4785591081
1043288,85774
1043385,6829957046
1043534,6770535113
1044240,6779196317
1044415,1073508654
1044703,5471674217
1046926,6838173565
1047122,6809818790
1047512,6944535109
1047729,6114828796
1047888,6785762848
1048916,6832221012
1049138,6822256240
1049451,6839149814
1049752,6015797067
1050695,6834026689
1053104,6868474599
1053374,5791755143
1053779,467675
1054630,405767
1057547,6093644111
1060092,6672597080
1060600,7084822788
1060634,7330293587
1061829,6380274053
1061857,4866096110
1062525,6949548904
1062755,4261428462
1062992,1877876792
1063093,4316433947
1063172,6785378980
1063210,6376633210
1064513,676036
1066574,273389
1066689,960020040
1066864,3449828540
1067334,423492
1068226,5992011049
1069597,6094002164
1069874,6038668827
1070059,6118122449
1070098,6118130991
1070288,5332969924
1070421,6093695423
1070527,6948936505
1070724,6387226156
1071601,6996659196
1071954,6038698884
1073096,6070360711
1073256,6970128559
1075702,4925284970
1077342,425049
1077818,7032752734
1077840,6958965371
1078692,6967197854
1078714,7030158022
1079422,7002089724
1079474,426134
1079819,282809
1079969,433419
1080078,177931
1081064,673174
1081500,875665
1081845,7006544874
1081894,7040493809
1081996,7014234874
1082018,6019621651
1083076,6978532485
1084660,7039656041
1084790,263719
1085144,6098586275
1085181,7075434904
1085197,6038716883
1085844,7125693796
1086435,7055293341
1086568,7055650239
1088134,7063662694
1088213,6686175976
1088492,7118386533
1088556,6778590666
1088897,6495577611
1088931,6899551219
1088998,5675585513
1089697,7079665665
1090147,7109527655
1091268,425359
1092700,434483
1093151,7080748773
1093201,3675674470
1093525,7039251611
1094018,6104938618
1094994,6348592616
1095711,7119413107
1095754,6097998488
1095794,7125548031
1096863,1672515
1097678,7121392405
1097828,7110322021
1097996,7072243663
1098400,5012471333
1098425,6093644104
1098459,626406340
1099054,7148174139
1100374,7149857817
1100522,7188148454
1100577,7302780396
1100635,7172662366
1100645,7246396309
1100983,6785768766
1101869,3565268085
1101915,7187211515
1102003,7186488181
1103970,7229949469
1104037,7313187228
1104473,5146425849
1105216,7154471362
1106476,7136202343
1107289,7138974982
1107327,6982348077
1107579,5171251674
1107691,7251546731
1108099,7170399953
1109039,1934617
1111052,6126106459
1111700,7055829361
1111806,7189728629
1111831,7161824553
1112139,7170827616
1112429,6104979617
1113403,423844
1113584,298986
1113627,422944
1113719,7146039108
1114172,7161755403
1114843,7171855777
1114897,6946465835
1114936,6835157316
1115713,6126101751
1115827,7424753625
309238,253621
1118517,7190958808
1120210,7201995321
1131811,6923458007
1120908,6387226164
1120987,6366182665
1121154,5509034244
1124525,7142164276
1124555,7278267828
1124694,7201864481
1125900,6857040883
1126020,6318692829
1126105,1501800823
1126247,7342487998
1126340,5523539525
1126377,7353441818
1129068,7186569527
1130787,6274335618
1132001,5730186065
1133024,7256721351
1133205,557708754
1133248,308441909
1133460,1487865229
1133943,7065388969
1134108,3274548642
1134327,7269915750
1136309,7107278210
1136786,5120955484
1137888,7231369110
1139380,7276138976
1139409,7283602667
1139796,7303830106
1141797,1992960
1141837,6946106843
1142693,17654958
1143968,7330074597
1144045,7306534834
1144150,7306684746
1144177,7316100253
1145639,6785177864
1145694,7363979609
995122,6305562767
1146562,7300241532
1147062,7301248684
1147545,7329903732
1147651,7304298103
1147697,7345409198
1148149,6524030681
1148218,5964048666
1148345,1498354116
1148374,1230826478
1148611,7329486281
1148789,302354373
1150004,7235156530
1151712,5130318029
1154705,618770
1157552,7342106945
1159632,6038823398
1160496,7348321003
1161601,1486667
1163180,5120922774
1163253,7268026504
1164539,7417305400
1166451,7389752106
1168974,7055930862
1170081,4884094554
1173783,7351957475
1173950,7463274753
1174759,6070385875
1177307,7443689781
