Rovi,Vudu,Px_id1,Px_id2
1089694,510,232133,13971474
18416841,519,211851,13995943
429075,580,95854,14097400
424421,607,93640,1335821
435482,641,97710,207963
1056185,679,204557,13971477
3198,1778,1051,13971479
1091801,2159,233860,13995941
1086792,2258,229741,14077053
1067670,2279,213758,13971481
178324,2621,53366,93207
31641,3738,9540,13971486
13057376,3921,1000518,13971488
1775651,3960,494532,13971489
240203,4006,65281,13995937
242785,4011,65676,13995936
162373,4026,50447,13971493
1643286,4037,449648,13971494
253035,4057,67816,13971497
1755069,4060,486908,13971496
1659043,4063,454642,13971500
542707832,4064,1709139,13971499
255836,4066,68436,13995934
1730287,4075,479466,13971502
1788292,4085,498800,13971504
1816567,4096,508783,13971506
256990,4103,68614,13971509
17594076,4123,1186508,13971510
293633,4176,75721,13995931
297936,4187,76282,13971512
1059426,4226,207091,13995929
1102307,4233,239998,13995926
1485651,4238,395448,13995927
1065291,4250,211882,13995922
1296947,4257,325905,13995923
1590087,4298,431382,13971514
433532,4304,97010,13995918
120300,4371,40357,13995917
1641433,4404,449136,13971517
1541304,4406,413930,13971515
46966,4448,16505,13971516
252115,4478,67624,13995914
2003690,4496,576684,13971521
1957153,4509,559790,13971524
443341,4764,99414,4029673
434763,4927,97192,4039768
1110401,5023,243283,14080149
1213325,5042,290812,291504
1296605,5176,325781,13995901
1449830,5202,383467,13971554
989232180,5298,228411,14097401
989232180,5298,228424,14097401
989232180,5298,228411,228424
1093960,5550,235680,235666
1686559,5604,463920,3920101
1725801,5645,477895,13971576
2000182,5706,575278,13971581
1495931,5710,398970,13971580
1054341921,5732,1171421,1171446
457375,5746,104978,13971582
12197605,5870,967929,242294
2091614,5945,608843,13971595
1335093,6367,339985,13971605
1552141,6541,417792,13971610
1567568,6609,423502,13971619
238375,6756,64993,494843
260662,6787,69409,473562
1903557,6802,538674,13971628
1996390,6885,573923,13971631
1241336,7076,302766,962450
449069,7123,100976,96162
12973414,7163,1087599,283694
90942,7196,30116,245689
301299,7585,76712,555559
116624,7596,38935,422673
2059478,7631,596801,570535
1022080320,7633,617127,734488
453364,7958,103287,13971739
1649158,8050,451537,398971
456869,8092,104773,13971757
1178211,8115,274455,14077055
19776025,8181,1347695,424214
1567623,8207,423519,13971761
1354865,8226,347435,204602
2443236,8268,745924,442091
12199798,8279,968530,109583
1072853,8293,217979,13971764
1064970,8306,211617,14076702
429585,8316,96045,13971765
1646267,8344,450606,13971766
429616,8354,96068,13971767
1665042,8373,456495,13995860
1069329,8376,215103,13971768
447997,8519,100399,13995855
336370,8541,80906,500500
1807428,8607,505656,13971775
462888,8627,107750,13971776
1006928653,8633,528495,13995854
375791,8878,85888,13971777
465977,9007,109501,14097403
447027,9047,100186,3645233
176966,9079,52764,226982
444098,9095,99527,3958308
430977,9121,96635,13971778
450696,9149,101862,93642
19917692,9176,1354289,1354299
19917885,9254,1020313,4083733
225524,9274,62749,109871
1071167,9405,216636,220967
1082494,9411,226059,226040
466048,9564,109541,13995850
1383937,9588,359659,3911880
1077853,9754,222103,95572
178840,10070,53535,96466
1652391,10111,452460,13995848
460612,10131,106524,101662
435266,10157,97528,13971781
1079718,10173,223589,13995847
1718558,10270,475480,14077058
1755878,10304,487204,13995846
448153,10536,100491,13971806
1072273,10598,217535,13995834
1908777,10612,540727,13971815
6337605658,10617,3695650,14097404
428544,10656,95689,13971817
456303,10739,104567,13971818
460509,10890,106478,13971823
2098625,10974,611549,13971836
462701,11015,107626,13971835
1273110218,12099,2150344,13971838
111208,12467,36294,93123
20723724,12654,1206406,1206418
1062199,12737,209326,13971850
1058490,12742,206357,13971849
1089041,12764,231608,13995829
424303,12783,93608,100144
449755,12887,101337,3947047
219234,12954,61623,233893
1067402,12960,213569,13971851
1064361,13019,211120,13971852
458090,13135,105255,14077057
1066679,13138,212977,13995827
1075739,13140,220282,107651
80339,13235,26964,105721
12017316,13242,916999,234102
1090868,13275,233112,13971853
1054194,13362,202958,13995826
1128335,13449,250562,101597
183821,13483,54756,114400
1385809,13494,360328,105261
1061060,13575,208410,13971877
1092187,13607,234188,13995815
1067613,13626,213711,13971886
1072235,13641,217530,14076703
446836,13768,100101,13971891
424294,13777,93603,13995806
443218,13835,99395,13971894
1063402,13995,210304,207836
1062030,14061,209186,13995804
1075802,14190,220337,13995803
1083036,14225,226514,13971895
1112845,14273,244453,13971896
18792119,14375,1263595,212253
16897291,14385,1172019,1172083
1087908,14400,230643,223013
1091542,14622,233683,13971900
1058477,14632,206349,13995797
6489041635,14643,3736794,322811
1057484,14667,205573,14078858
1080396,14788,224182,3879299
1087744,14952,230512,13995735
1754634,14954,486766,14076315
1062101,15039,209249,3920159
1003017547,15087,246824,13971907
1128292,15262,250541,13971909
1487955689,15283,2335593,267319
4324,15365,1401,13995714
1082616,15437,226141,13971910
1203032,15444,285649,13995696
1078843,16021,222895,13995618
1197158,16033,282705,13971915
1075886,16039,220404,439801
12027650,16040,920068,103059
1078273,16262,222406,13971919
1192656,16266,280676,13971921
2352312,16304,707065,13995557
1063044,16329,210022,13971928
1274283,16464,317146,13995504
463645,16527,108161,14079078
1253455,16533,308643,13995495
1262581,16534,312732,13971965
69323,16549,23399,14076704
1060875,16862,208256,13972030
1298852,16915,303927,13995493
311380,16982,77786,329540
1054292,17007,203033,13995491
99114,17032,32401,13972043
312863034,17075,1570611,303341
1943176,19648,554766,13972051
1080243,19702,224051,13995490
1269848,20446,315572,3935561
180969,20544,54217,13972058
1060622,20553,208088,13972059
1020894086,20634,342197,3145037
1300949,20759,327714,13995489
1069932,20890,215602,13972061
1075885,20981,220421,13972062
1092891,20991,234779,13972063
137631,21006,46672,322897
1255066,21129,309357,405818
1307362,21205,329475,3822457
15060,21244,4565,3024965
456741,21402,104696,3836342
1307537,21496,329567,13995486
1983518,21553,569282,13972065
1242108,21743,303141,13995484
11480,21757,3483,13972067
1296673,21762,325803,13995483
1056754,21774,205000,13972066
7097913942,21789,3913517,14097405
1066224,21897,212621,14077722
1480432,21907,393741,332786
1318419,21908,333776,13995482
436818,21923,98627,3245677
1066154,21991,212574,13995481
1323056,22205,335628,13972068
1300020,22474,326896,335771
1342970,22527,343117,13995480
284458,22740,74067,338053
1335003,22864,339958,14077060
1344546960,22917,2220799,220439
327230047,22938,1595895,13972090
1362743,23756,350705,13995476
1063632,23994,210516,13995474
1658579,24026,454479,13995473
1088424,24058,231074,13995472
1371113,24334,354551,13972182
1303607,24536,328064,923851
1085822,24704,228919,14076487
1384788,24762,359971,13995426
1091621,25005,233750,13995425
1393804,25017,363298,13995424
1393834,25304,363307,3175327
1084249,25317,227596,93678
1393798,25324,363290,13995422
370868,25345,85065,319667
1055656,25539,204133,13995421
1431020,25677,376835,13995420
1412620,25969,370479,13995419
1080218,26020,224014,14076440
1420992,26282,373873,13972433
213465,26951,60320,2438159
1482914,27619,394365,13995188
1766959,27798,491501,380609
1393662,28120,312327,13972508
1729871,28436,479342,13995078
1063068,28640,210045,14077062
982759940,28943,1207222,1207243
1053905,29500,202724,13972517
1081640,29507,225284,13995077
53270,30189,18401,92889
1503360,30565,401389,13972522
1513830,30646,404642,13972520
1087163,30695,230062,94609
1075430,30726,220049,13995009
73411,31034,24760,1191447
1065119,31300,211734,14078710
1080734,31907,224468,113956
1518211,32246,406092,13994749
1536026,32350,412121,13972538
1084910,32381,228145,13972539
1536814,32834,412372,13972556
1539934,32993,413457,13994721
1069781,33314,215466,13972557
1095749,33416,237118,13972558
1091239,34034,233403,13994483
1065020,34134,211651,14076706
236080,34232,64387,13994446
1077229,34400,221582,13994439
1147203,34523,246968,13994434
12645468,34536,1035496,13972577
177151,34656,52835,93707
1060499,35205,207958,13972578
1585149,35719,429045,14069597
1571816,35828,424739,14069600
1071163,35844,216638,14069599
1079463,36050,223397,14078879
1064606,36215,211313,14069611
1057421,36220,205526,14069620
1774456,36249,494195,14077895
212430,36266,60118,14069676
1597259,36276,433152,14069677
1082984,36612,226477,14076705
1570224,36741,424283,14069872
1619696,36743,441429,14069884
1570250,37070,424299,3924893
1086241,37074,229254,14070070
1578671,37354,427013,14070116
1562722,37624,421811,14070267
465443,37709,109155,14077724
1064825,37747,211492,14070278
1073087,37754,218177,14070305
1619634,37852,441415,14070417
114756,38275,38090,14070436
1072410,38384,217631,14080056
7736927847,39054,4086844,96226
451765,39447,102525,14070554
1610768,39676,438014,14070558
1653470,39682,452805,14070559
1063013,39960,210003,14070561
1069145,40181,214966,14078880
472784,40191,113181,14070563
1083145,40437,226609,14076528
1608489,40538,437206,14070567
1073332,41489,218366,14076529
1646343,41508,450621,14077588
1662510,41623,455737,3820074
456650,41870,104659,14074319
1156997979,41987,2059006,14070582
1529735,43220,410097,14070593
1674507,43355,459848,14070594
247961,43438,66661,13537410
1684337,43577,463200,14070597
2141726,43578,628316,14070599
1740554,43978,482323,14070604
239185,44167,65113,420758
1715146,44373,474228,14070611
1065283,44566,211873,14076025
1691175,44909,465691,14070624
1698052,45080,467761,14079080
13241,46349,4023,14077063
1058733,46352,206553,14077064
1760577,46732,488931,14070666
236767,46810,64582,14070671
1767615,48432,491688,3835560
268610,48914,71094,14070693
17633556,49322,656936,14070699
1776716,49343,494867,14070702
455935,49428,104474,110587
7702060728,50508,4078296,14070718
1060566,50511,208020,14076707
451675,50533,102480,14070719
1811980,50554,507069,14070723
2140063,50843,627683,1170866
1208385,50854,288442,14070729
52748,51514,18252,14070731
32818,51563,9888,14070734
1824069,51603,511405,14070733
289852,51939,75066,14077896
7230,51955,2306,204508
1066438,51956,212786,14077065
1835502,51958,515221,14070738
8070182,52273,758229,14077697
1839441,53090,516566,14070748
961678466,53603,1942019,73007
246805,54028,66187,859065
12334275,55115,981237,14070771
1855628,55360,521884,14070776
1951026,56259,557645,14070790
1996596,56304,574019,14070792
276664,56366,72622,1170833
1977860,56562,567359,14070804
1927531,56826,548472,14070806
1911293,56847,541734,14070809
1823289,57211,511128,14070812
302730,57226,76858,542275
1965584,58061,562975,14070819
270235,58080,71403,14070821
323758,58263,79241,553072
353117,58586,82845,652639
1081247,59829,224910,14070858
12081036,60008,935412,553695
272610,60495,71994,14070867
105501,61027,34297,14070872
11985955,61084,511477,14070875
2128518,61118,623387,646938
1081656,61132,225281,14070878
1952992,61289,558294,2258022
1937320,61321,552505,14070883
2049973,61361,593338,14070885
1933190,61485,550783,14070889
1956858,61569,559668,973753
1968610,61796,563991,14070895
107678,62044,35029,223446
1998883,62833,574804,14070907
260953,63034,69472,14070912
276396,63155,72589,14070913
437195,63516,98756,14070926
1071391,63899,31924,14070933
17962272,65032,1182516,14070953
2041515,65531,590159,3880323
1057190,65776,205351,14070957
1976058,66214,566648,14077902
376480,66383,86021,610791
297967,66399,76290,611680
2130595,67182,624282,874910
323300,67240,79179,14070972
2121886,67676,620881,14070977
1380051383,67905,2250465,203533
1087124,67920,230023,14077068
2115186,68107,618411,14077067
4816465812,68220,3226976,625513
2122184,68375,620992,13533514
270304,68394,71429,595752
2397881,68828,725799,14071001
2277041,68897,676658,14071002
2133560,69113,625260,14071005
22040305,69409,1424979,14071008
2100027,69581,612141,14071012
2099963,69806,612125,3928806
2301235,69863,685624,684661
245800,69865,65960,14071013
326294957,70305,1593121,14071019
21546018,70366,1378661,14071021
1071235,70368,216698,14071023
1066712,70496,213003,213173
435232,70906,97498,14071028
440198,72275,99174,14071037
1056080,72378,204456,14071038
1056853,73979,205091,14077070
461486,75104,107058,14071049
438126,75640,99044,14077725
1063293,75935,210228,14077071
19232494,76338,221219,14071053
469011,76363,111326,14076708
1061591,77485,77976,209071
463647,77727,108164,14071060
1078990,78000,223018,14079013
458670,78383,105570,14071062
1094644,78618,236207,184123
30020,79210,8971,14076712
1061948,79757,209146,14077072
451328,80248,102270,14071065
469110,80556,111395,14078593
6208423722,80563,3661799,12702
1063398,81656,210317,14071072
1059332,81841,207010,14071073
1053547,82368,202435,14077726
1079681,82473,223565,14076030
43662,82923,15562,14076029
1059944,83422,207506,14071082
460737,83513,106593,14071084
1060230,83794,207751,14071085
431091,84044,96702,2560722
1079186,85116,223163,14075999
470732,85372,112206,14076710
15962,85711,4835,14071095
1147221,85776,259795,14071096
1060921,85867,208299,14071099
1098462,86080,238329,14077589
1066173,86117,212580,14076033
459255,86161,105786,14071102
445733,86283,99684,14071106
1727113,87010,478422,14078920
1062846,87605,209881,14076714
12921229,87765,1079431,14071118
12025438,88179,919409,1338127
1062088,88548,209228,14071119
454558,89085,103795,14077074
1083922,89370,227321,14071123
467352,90057,110225,14071130
1070312,90228,215920,14076711
677381178,90404,1774801,14071131
72074,90952,24293,14071137
426590,91397,94839,99411
76177,92014,25669,14071141
22316144,92777,1438315,14071148
466959,92792,110034,14071149
1990605341,92995,2561094,97350
457312,93033,104938,14071151
969128959,93201,1946630,26929
429885,93569,96166,14071156
430941,93593,96611,14076713
6848979641,93690,3840580,145253
435666,93939,97858,14071158
83014,93999,27827,14071159
464533,94567,108620,14071163
1067616,94596,213717,14076032
88035,95341,29316,14077075
1070717,95503,216251,14076031
459262,96926,105784,14071177
1072230,97183,217496,14071178
1760458543,97826,2439218,14078862
1083433,98019,108844,14071181
435062,98236,97398,14071183
1073841,99001,218760,14071186
436638,99198,98486,14071188
1071518,99621,216939,14071191
459133,100304,105732,14071192
1074421,100401,219226,14071194
1001718,101242,160077,13877182
448802,101250,100867,14071197
1073177,101370,218238,14071199
1061016,101998,208378,14071201
333622538,103371,1606831,14071205
435909,104589,98059,14071204
1074878,107678,219593,14076715
1063532,109702,210424,14077076
1056141,112545,204517,14071218
451180,113693,102155,14071226
1059135,114585,206872,14071231
1056005,115242,204405,14071232
453233,115560,103210,14071234
1059855,116119,207452,14071236
17637561,117576,1191856,14071242
434820,119013,97225,14077078
6811150492,119227,1549792,14077079
430033,119455,96277,14071247
45888,122261,16186,14071253
1067993,122745,214022,14071254
1065659,122830,212176,14071255
1068237,122874,214223,14077080
1065687,122949,212197,14071256
1060879,123701,208261,14077777
439837,124953,99136,14071260
1061355,125345,208683,14071263
429661,126194,96094,14071265
458933,126871,105678,14077082
2160981,128119,634478,14071269
2100274,128176,612277,14071273
298582,128272,76399,872985
2036382,128309,588051,644062
2173651,128791,638556,14071286
2201403,128798,647712,14071289
2201392,128804,647710,14071291
2447445,128848,747849,639810
2214673,128871,652676,14071293
367148,128882,84447,645581
403683,128979,89429,80344
333302,129013,80420,2857312
2173591,129017,638504,14071297
12722383,129050,1047967,14071301
2262163,129052,670421,14071302
2262181,129053,670412,14071300
17697304,129056,685333,14071303
2262817,129058,670716,14071304
20679768,129065,699785,1155309
11755526,129109,829551,606916
982759973,129111,1207720,1207740
19791947,129112,490626,3879524
2277432,129216,676797,14071310
1406098609,130245,2272137,656289
716564239,130415,1796506,682203
2339450,130425,701594,14071320
2224928,130444,656285,14071327
17338189,130787,1182743,692368
1297791,130830,326162,4031424
1156433139,130907,2058575,651392
2318101,130919,692386,14071342
951068410,131006,1933353,706733
2318011,131009,692347,14071341
16882826,132100,698472,3920997
3211,132137,1055,14071356
8391564,132150,780250,14071353
2262567,132320,670619,14071355
2299965,132325,685203,3995063
2299967,132327,685204,14071351
2340809,132896,702096,14071348
112497,134097,37007,14071365
285082,134098,74202,14071361
19083795,134099,1314089,14071362
2291490,134303,682010,14071367
14452163,134404,768321,14071370
2055132,136269,595290,648464
2324933,136281,695206,923374
2352031,136288,706874,14071376
9863532,138349,805060,14071379
12491062,138351,1009621,14071377
13020738,138355,1095016,14071381
435375,138493,97619,14076717
16651333,138603,1165039,716828
1526609,138609,408980,14071382
156852,138610,49718,14071383
370785,139822,85061,14071388
435025,140083,97369,1188513
2343319,140138,703231,14071403
13008519,140235,1093125,14071404
163138,140421,50665,106123
162033,140499,50295,105977
1641417,140522,449129,14071444
17633179,140678,1191354,211998
157913,140700,49826,226950
1058026,140720,206027,3265600
303418,140829,76938,465692
1058967,140877,206733,14071498
53274,140913,18433,14071504
2009722,140972,578685,14071512
1750883,140975,485602,499462
1073016,141008,218130,14071514
443890034,141105,1670461,668960
6795806186,141253,3823452,571129
2352078,141350,706912,14076343
20487848,141368,717770,3711703
754086841,141479,1815140,724402
1078091,141522,222272,225859
66095700,141529,1469589,682674
2390474,141589,722555,14071546
2390528,141604,722573,14071549
8745061,141853,786530,735908
2192122,141964,644601,14071561
1089695,142016,232136,14071572
994723182,142043,747507,14071586
2352047,142045,706905,14071585
362246,142101,83663,14071584
2396637,142104,725090,14071590
2352111,142107,706943,14071592
2397009,142152,725314,14071594
12010443,142388,914933,14071598
10133203,142658,810441,14071618
9707575,142812,802736,706921
2478794,142827,759980,14071619
340709,142992,81607,725273
2353886,142993,707654,14071622
11751301,143200,827512,703524
397108,143250,88265,742341
398893,143278,88557,725335
2397125,143307,725410,14071629
2416162,143317,733969,14071632
2445716,143344,747091,14071635
17889347,143596,1206410,14071634
408964,143852,90810,14071650
2352167,144696,706957,14071654
8840119,145262,788230,725342
2352212,145531,707011,14071670
2397042,160804,725372,14071685
333354338,160806,1606050,981222
408693,160836,90737,768282
2394825,162053,724453,14071711
18903756,162340,760551,14071716
2397110,162344,725399,14071715
11737731,162357,821290,777866
17889202,162722,1206334,14071724
19917458,167624,1354204,14071731
2475038,167667,758610,14071732
19190482,168171,1324430,88465
404425,168531,89626,72838
6825771909,168833,3831764,67789
2487881,169561,763440,14071775
2397090,169685,725396,14071773
2479799,169687,760377,14071774
19990181,171940,1362591,1080079
21902817,171945,1408234,788664
2396951,172148,725263,3839522
7903736,172934,772710,14071782
12096061,172938,939634,14071785
10174057,172940,91446,14071783
306027,173013,77213,2845598
9707072,173023,802599,14071790
20344042,173028,1368966,14071789
9526767,173107,799496,14071792
13893565,173118,1132694,797009
1093198328,173409,2002643,812617
17889149,174389,1170938,14071806
2499954,175316,768549,14071812
14555854,175712,1147484,2212755
19972862,175716,1360665,14071821
8102511,175798,775553,14071827
2499178,175971,768274,14071825
6782348,175994,771265,14071826
13399228,176103,1122857,14071828
1958350733,176108,2545866,14071829
2450597,176141,749104,14071830
989236478,176177,1436152,14071833
6782480,176523,771306,14071836
11771956,176578,836770,14071837
18905903,177071,1231697,14071841
8839890,177148,788224,2520575
2397003,177177,725305,14071843
18559711,177220,1254624,14071844
407128,177224,90315,14071845
2491689,177354,765240,14071846
2434532,177366,742228,14071847
2204686,177375,649043,14071850
2352058,177388,706881,14071849
335632,177397,80709,14071852
1089949508,177512,2016763,14071855
382585,178241,87018,14071857
14699247,178252,1150475,14071858
2499183,178294,768277,14071860
8417440,178304,780814,14071862
131509,178311,45494,14071861
418309,178709,92237,3918476
442728469,178821,1669717,810644
1737809,178835,481531,3907068
421490,178854,92628,14071869
16643377,178932,1164892,13913439
4551219211,178986,3132307,14071871
8548668,179051,783346,14071874
14990344,179084,1156773,14071876
17889334,180177,1206407,14071916
449479,180301,101163,14071963
471906,180369,112758,14071964
17637700,180503,1191866,14072008
10799298,180516,820221,14072053
13557675,180577,1125283,14072105
2352135,180580,706956,14072092
2423521,180586,737329,14072124
2397894,180589,725819,14072123
2285895,180592,679957,14072129
1695370,181012,466967,14072183
443892227,181058,1670456,2567
17403703,181164,1183939,1369291
330365300,181169,1601051,1123885
5388178462,181746,3410746,1191118
18973385,181818,1295408,14072192
2431089,181843,740629,2811257
14745219,182006,1151491,14072195
6782343,182011,771258,14072198
9212737,182077,793956,14072197
5444308454,182230,3428609,663502
8548731,182241,783777,14072205
19088908,184132,1314780,14072235
18099702,184262,1231996,13538098
2100285,184504,612305,14072251
753316076,185825,1814524,14076034
418020,185857,92175,4085314
13566922,185879,1125381,14072344
9715843,186683,803739,14072349
20381131,186863,1368994,1206134
17890562,187104,1206749,14072353
17889104,187129,1206274,14072354
386194957,187132,1657889,803733
341871,187264,81740,14072355
21934172,187576,1411964,1130638
18047159,189416,1225289,14072382
18886479,189424,1281225,14072387
16851970,190794,1170102,14072398
396611,191668,88098,14072407
17614945,191793,1188959,14072408
422999,191868,93069,14072410
1772767677,192040,2444216,1300629
13407068,192044,1122863,14072416
66864909,192532,1498113,1235882
8354669,192581,779378,14072423
13816949,193942,1130646,14072428
8841405,194237,788400,14072438
12299975,194241,974572,14072441
16950249,194249,1173941,14072440
9343035,194285,796675,694221
13816949,195152,1130646,14072453
8548660,195244,783349,14072462
16851746,195922,1170069,14072460
14662804,195981,1149619,14072470
4865851266,196043,3238881,787208
1932080,196306,550390,14072493
19278655,196377,1336538,14072496
421493,196379,92642,14072504
66485853,196419,1482621,14072502
8659126,197158,784896,14072515
11742997,197202,823037,868505
2352256,197216,707053,14072519
2319288,197299,692860,14072525
18772982,197387,1259034,14072529
7509007239,197549,4025283,14076036
7846847720,197577,13531867,13587092
12149027,197649,954409,14072532
403677,197800,89423,14072542
8417481,197831,780802,14072541
17320933,197887,1182275,14072543
17195368,197970,1179807,4070965
17831325,198405,1199482,14072548
14240707,198431,1140155,14072550
15090225,198941,1158650,14072549
4107789443,199250,2884869,1243763
815238936,199873,1847334,14072553
982759678,200266,1333529,14072552
17834215,201365,1199515,14072558
18070624,201369,1227869,2626376
18887283,201373,1281341,14072557
13803696,201792,1130201,14072560
1454096027,203395,2308787,688125
386085,204015,87610,14072564
2470899,204229,756981,14072565
2352203,204463,706997,14079698
1370526797,204475,2243767,1186922
4996944736,204652,3289038,1324445
16673550,205201,1165675,14072577
8017037,205294,774086,14072578
9956956,205864,806843,14072579
19986828,206716,1343134,14072587
18145221,207170,1237794,14072589
18175979,207405,1241967,14072592
13567951,207517,1125417,14072590
13956098,207822,1134340,14072593
19768073,210059,1346975,14072644
558366334,210359,1718844,14072631
19895005,211487,1353407,14072642
16610061,211712,1163824,14072641
443884315,213306,1670281,14072704
982759685,214543,1340428,4024890
17320922,215446,1182262,14072716
19932922,215886,1356417,14072717
13816984,216243,1130708,14072719
21590416,216796,1382460,14072721
17094031,217584,1177215,14072723
18042922,217675,1224799,14072724
17609966,217695,1188333,14072725
17718561,218261,1197307,14072727
19895199,218506,1353301,14072728
19914133,218731,799741,14072734
17936767,219777,1208790,14072742
438378,219989,99098,14072743
452078,220278,102691,14072789
441027,220298,99275,14072791
2403535,220315,728412,14072792
15235372,220958,1162946,14072802
18239069,225402,1250227,14072851
19237000,225982,1330692,14072866
21533640,226677,1377115,14072885
2407366,236598,730084,13856415
9709599,236604,802882,1311494
19755379,245115,1345507,777131
12480357,248038,1007815,14072938
2336933,249991,700502,689089
12224238,251645,974249,14072945
17950960,252260,1211030,14072946
12257595,252283,974395,14072948
17573027,253330,1185803,14072967
19248085,253334,1332135,14072968
18190943,260525,1244295,14073002
17016567,261711,1175175,14073011
15090212,266169,1159538,14073033
9716048,270119,803779,14073041
19094622,272544,1316800,14073042
19025940,273623,1305376,14073043
407842,274106,90521,14077898
67507591,275202,1518605,1288563
12219103,275210,973928,13899687
18074702,275400,1183188,14073053
66136041,277022,1471194,14073052
294286417,277035,1533822,3603573
18161455,277503,1240301,14073070
599720854,277555,1735645,14073084
385983,277557,87598,14073088
9633142,277561,801278,14073087
17661951,278145,1194801,14073094
22061616,278333,1427120,1219519
1056846,286076,205084,14073103
2388093,286132,721407,14073106
18804410,286319,1266523,14073104
18916800,286601,1287531,14076037
1018125307,286638,1479244,14073105
19866955,288404,1351067,14073108
502104322,289119,1649741,14073177
938761978,289133,1925019,14073184
17671770,290910,1195276,14073193
13893620,291310,1132704,14073196
500857188,292124,1687858,14073197
18997333,292183,1299226,14073198
18997331,292187,1299229,14073199
18024460,292211,1222220,14073201
17951017,292263,1211071,14073202
21646690,293770,1388012,1406638
66674149,295471,1369118,14073206
2420312,295473,735870,14073208
18821839,295665,1271368,14073209
327498472,297293,1596148,1272287
265187,297330,70467,14073213
21618573,298048,1385337,14073214
500045012,299081,1687585,14073215
18559225,301100,1188826,14073217
8876227,301965,789529,14073219
1016296743,302134,1971320,14073221
2352069,304104,706906,14073226
2450425,304287,749039,14073234
408691,304293,90739,14077899
2344608,304317,703771,14073237
1087866,304344,230636,14073239
419465,304346,92358,14073242
18145223,304350,1237790,14073238
19783706,304859,1348542,14073246
17350446,306435,1183144,14073247
1092604,306735,234553,14076488
17945191,309234,1209950,14073249
14553178,310811,1147388,14073250
20152710,310815,1368821,14073251
19138374,311067,1322009,14073252
7509008035,311442,4025497,1503358
21789057,311953,1400553,14073256
22012553,312082,1421343,14073255
66502638,313818,1484782,13906677
67224634,314147,1513030,14073258
2253947,314357,667127,14073260
12020762,314371,918043,14073259
72716,314431,24503,14073261
418023,314463,92179,14076718
18033744,314467,92812,14073264
413433,314525,91498,14073262
13583225,314527,1125744,14073263
18804023,314535,1266479,14073266
13893443,317208,1132667,14073269
19225317,319697,1328992,14073270
2378865,320224,717707,14073271
19755898,324175,1345543,14073274
21928644,324565,1411369,13832539
1513839,326539,404669,3592745
425040,326573,94034,14073279
18881340,327045,266970,14073280
18816043,328689,1269953,1508672
19105806,329397,1317496,3922241
11740009,331599,821638,14073287
1296916048,333026,2173501,91218
590798902,333037,1729968,1838249
1144901,333054,258512,14073289
982759794,333367,1355677,14073296
3447396082,333372,1362900,14073295
1588108,334152,430139,14073297
1343194,334185,343179,14073298
2272119,334213,674618,14073299
22317516,337741,1438456,14073300
982759906,338203,1397383,2225024
3936512001,339183,2829283,1369281
22365117,339195,1443696,14073308
20003822,339994,1364324,14073307
1097737,341643,237996,14073309
21480377,343241,1371035,14073313
18766737,343248,1257480,14073312
15108906,343437,1159120,14073315
1619708,343465,441423,14073317
2408141,346620,730435,14073319
21497929,350371,1373289,14073323
385522731,350885,1656419,14073324
9968107,351338,802874,14073328
18900644,351350,1284891,14073329
20021387,351354,1366527,14073326
303143660,351358,1553275,14073327
1026734155,351871,1978378,1441515
15155669,352600,1160421,13535776
443887462,353040,1670346,14073332
20021363,353839,1366550,14073334
590888696,354127,1730009,1194778
379740,357531,86561,14073337
301760711,357541,1550847,1227279
18997275,357694,1299189,14073338
376130,358095,85953,3966657
602573040,360615,1736966,1403644
863019925,360738,1880011,1565604
1063514,360796,210419,14073350
822677960,360857,1651227,14073352
19356330,361055,1337936,14073356
1331830141,362132,2209576,14073362
20003003,362176,1364254,14073361
21521283,362831,1375313,14073363
67264782,364421,1513726,14073367
21962584,364676,1415041,14073368
377523,364769,86220,14073371
9715341,364905,803671,14073372
11951954,364909,897417,14073375
16897539,365006,1172025,14078811
17661933,365156,1194802,14073376
21611632,365227,1384753,13541583
21527710,365247,1376267,14073377
21527627,366674,1376253,14073382
21792180,367095,1401013,14073381
982760119,367782,1406331,2213630
22346291,367845,1442174,14073383
18997304,368573,1299205,14073386
310449810,369820,1566010,195431
13893634,370180,1132690,14073391
21962125,370188,1415022,14073389
66345474,370645,1478844,14073393
66315315,371268,1477333,1183259
18997308,371295,1299208,14073394
302378,371310,76826,3492850
18997296,371517,1299206,14073395
19940621,371692,1357371,14073397
22254358,373012,1432440,14073401
22507030,374416,1457096,1569486
1345875,374615,344136,14073408
1144169578,374806,2049893,14073412
66237847,377880,1475100,14073416
377971,378087,86255,14073417
15073775,378095,1158272,1381054
1005254734,380505,1965129,1452036
982759767,382065,1445815,3904917
556519181,382557,1718044,974125
22524510,384043,1459231,14073429
9706368,385660,802563,2078007
289935329,388053,1528561,14073435
1273112675,388741,2150337,14073434
18754937,389834,1255560,14076719
458604,390996,105582,14073438
233358,392256,63964,14073444
66422291,392540,1479194,1277365
964576866,394673,1943390,1552132
869947710,394681,1885875,1625442
373855261,396131,1644514,1608377
307016848,396350,1561436,14073478
67224604,396354,1512999,14073477
317134541,396362,1577039,14073481
290190985,396366,1528642,14073480
1454502881,396556,2309447,13939693
336994415,397690,1385390,14073511
315188538,397710,1575308,14073512
323796465,397821,1588013,1472457
5325175274,397881,3390591,1415832
295298216,399317,1535417,1615197
322379102,399547,1586157,14073524
3973036533,399551,2844154,415501
22254033,400364,1432421,42370
19985948,400400,1362046,14073528
66552572,401114,1486682,14073530
304701445,404855,1556984,14073551
468931651,404950,1682067,14073555
982759806,405236,1650465,14073554
318839537,405269,1580094,14073556
21513781,405527,1374439,14073557
1349523199,405808,2225463,1625900
22467639,405858,1453636,14073559
320875166,406012,1583614,14073560
324972686,406016,1590705,14073561
293462515,406032,1532399,14073562
66144714,406122,1471779,13795361
4464951320,407037,3097223,1621892
420552,407145,92494,81155
19220259,407420,1328225,14073565
360245976,407878,1621923,1947041
309234177,410434,1565153,14073573
66927790,410438,1500521,14073578
22396759,410442,1447052,14073574
1007401160,410450,1450751,14073572
467204,412696,110151,14079084
22524989,413154,1459315,14073585
19750904,414195,1345022,14076722
290846544,415429,1530098,14073627
67614477,416540,1519283,14073635
66586561,416881,1487748,14073636
1064577217,417032,2001851,1540930
2455974,417057,751252,14073638
19138371,417169,1322015,14073639
982760741,417433,1445827,3897380
21778978,417453,1399270,14073640
18166788,417593,1240579,14073643
289956272,417605,1528573,14073644
1534269,417693,411564,14073648
66260395,418233,1476038,14073647
66260236,418836,1475974,14073653
67189618,419148,1511486,14073656
2253760,419184,37924,14073659
21803171,421073,1401927,1527066
66237939,422015,1475142,1532900
66345508,422111,1478845,1518598
931641523,422289,1919956,14073668
289935394,422750,1528564,3625171
378339980,422786,1647168,13538460
656786448,423362,1761938,168188
1158010443,423533,2059543,14073672
3976863567,423634,2844875,14073670
1197169519,424031,2091580,1308161
1486475147,424112,2333209,1603080
22244266,424414,1431411,14073676
66198429,424543,1473186,14073678
312872146,425034,1570891,14073680
22549358,425038,1461998,14073682
1838494266,425574,2475224,1613254
312871997,425749,1570900,14073681
599573578,426433,1735537,1639574
305625063,427879,1557912,14073686
1031761995,428346,1981193,1662473
613159837,428583,1741672,1119622
311686480,428591,1568560,14073690
478385320,428607,1686857,14073689
361122411,428647,1623482,14073691
21920318,428675,1369203,14073693
982759820,429706,1494436,1631643
18754903,430379,1255550,14073698
17078554,431595,1176812,14073702
1169966593,432672,2070413,14073704
66034643,434401,1467459,14073708
372359693,434535,1642051,14073712
434988,434573,97332,14073714
1064619,434575,211314,14073713
1071917,434577,217231,14073715
308466723,434655,1563792,14073719
12219997,434779,974204,14073716
66345508,435121,1478845,14073723
372637767,437491,1642238,1648844
613159837,439214,1741672,1562351
1022094609,440645,1595147,14073761
308948116,442254,1564520,14073763
982759829,443003,1577100,14073766
314505135,443824,1573339,14073769
384316724,443828,1654900,14073773
746443563,444410,1812431,14073771
408678,446379,90735,14073781
982760398,446387,1430122,2507015
305933110,447396,1558868,14073783
19075687,448009,1312959,14073784
66614901,450349,1489410,14073791
362599142,451160,1627665,14073792
298285981,451257,1543452,14073793
342491859,451387,1615650,14073794
308452182,451492,1563551,14073798
324720943,451555,1590467,14073799
314234412,451728,1573070,14073802
982931806,451732,1952756,14073800
448310918,451744,1672756,14073803
6501848575,452752,3740856,1553803
66260393,457536,1476039,14073829
18864215,457927,1277374,2724573
18013328,459299,1220948,14073834
66034947,459559,1467491,1801081
372690038,460491,1642884,14073841
982759822,462473,1818389,14073847
705352884,462681,1790490,1451691
66064167,463859,1468866,14073852
253380,463915,67882,917154
3973036698,464339,2844151,1554891
66927768,464774,1500508,14073854
310468309,465710,1566275,14073858
982760219,465715,1593462,3883489
1088136,465865,230829,233595
451472278,465950,1674395,14073859
4180697817,465986,3008882,14073862
310467851,468599,1566241,14073884
973331357,468937,1948988,1781351
66744364,470249,1495096,14073889
66602304,470253,1488723,14073892
304369988,470257,1556956,14073891
2278959,470587,677354,14073893
3855148230,471139,2818962,14073895
475357351,471153,1685286,14073894
290190975,471736,1528644,14073897
305624981,472303,1557902,14073899
326320523,473037,1593358,1554313
361429462,475156,1624498,14073909
66716605,477236,1494142,14073911
20313107,477888,1368939,14073913
1728658482,478633,2427392,1639793
982759959,478735,1441637,14073914
66927770,479740,1500513,14073919
438968072,480246,1667406,14073918
763812859,480438,1820057,1797343
15235184,480450,1162941,2484577
13805094,480454,1130252,14073922
373544753,480462,1643809,14073920
311189930,482548,1567785,14073927
1081289312,485835,2011716,14073943
794959144,485871,1835125,13606211
303984891,486045,1555847,14073944
303984880,486053,1555844,14073946
20003823,486120,1364326,14073950
310742033,486136,1566958,14073948
449612844,486144,1673648,14073947
1033616488,486446,1982369,1566260
18821838,487007,1271362,1693277
301786496,487379,1550880,13537290
641320502,487723,1752495,14073956
948189934,487735,1931525,14073958
364411789,487755,1630575,14073962
685641970,487771,1779595,1825390
993516249,487779,1926753,14073959
509114324,489122,1692554,14073983
1422721543,489251,2284924,14073982
450982,489260,102052,14077089
703604785,489479,1789031,13723371
688837921,489630,1781432,14073985
315188473,489674,1575304,14073987
289956272,490906,1528573,1369119
22556272,491470,1462675,1694951
837948186,491479,1864527,14073993
21710349,491561,1391890,3209154
4996944626,493344,3289035,1743442
533914408,493481,1705510,1792518
648470980,493485,1757566,14074031
857153884,494145,1875636,14074038
6927625801,494153,3863479,1642060
513740919,494215,1694970,14074036
21792180,494624,1401013,14074040
297005576,494652,1539342,14074039
7509007613,496854,4025400,2009151
746851372,496862,1812709,14074051
421493,496898,92642,803669
451472307,498052,1674394,14074061
518753145,498056,1697540,14074059
998217592,498072,1960777,14074060
361429672,498329,1624526,14074062
22520394,498337,1458646,13571163
317624842,499096,1577936,1142739
2417349,499394,734533,1835404
833931625,499408,1861695,1578618
362036741,499476,1626607,14074068
899796459,500156,1905922,14074069
1625746,500258,443608,14074071
1957013,500266,559742,14074072
998217595,500329,1883439,14074075
6252294305,500610,3674484,1379274
998218051,500618,1835893,14074076
13944892,500648,1134248,2222867
298286019,500656,1543467,1355698
18225188,500674,1248293,14074079
22003768,500693,1420009,14074080
5812875562,500939,3544753,1409069
22302825,502350,1437065,14074086
3207252420,502388,2621456,14074085
358553884,502484,1616476,14074089
66733570,503060,1494899,14074093
22553308,503064,1462377,14074092
373547597,503861,1643891,13564057
311686427,506531,1568546,14074112
66716269,506535,1494090,14074114
975098489,507158,1949724,14074125
311686422,507182,1568556,14074124
512454117,507210,1694113,14074128
17569923,507216,1185737,14074127
22584238,507223,1465956,14074129
3389794429,507369,2705895,1963793
826320918,507406,1854320,14074131
467520007,507418,1681438,14074133
538109975,507422,1707504,14074134
383640802,507465,1653371,14074138
1295786753,507631,2172938,2787414
1101941676,507639,2022459,1715259
604721962,507647,1737835,14074139
602944478,507786,1737063,14074141
566835713,507790,1722899,14074143
998218117,507798,1838845,14074142
362036755,508287,1626613,14074144
310468294,508295,1566269,14074145
1138122685,508315,2047494,14074146
424974,508398,93982,14074147
969719786,508442,1947346,14074149
651888147,508840,1758811,14074152
994696955,508908,1609543,14074153
583064138,509607,1726390,14074156
998218226,509611,1877748,14074154
1519442897,510869,2359927,1577046
1007690358,511900,1966700,14074163
802153757,512771,1839356,14074168
872893551,512775,1889270,14074167
361429442,512879,1624491,14074169
854194041,512910,1873258,14074171
296209406,512984,1538672,1534410
553150845,513203,1716206,14074175
951110622,513326,1933418,1798341
1697988,513842,467735,941781
989165745,514141,1628500,14074177
568106892,514261,1723552,3746969
21758820,514563,1396991,14074178
534088297,514579,1705609,14074180
374194596,514591,1645502,14074181
18988453,516517,1297897,14074186
757616609,517230,1816403,1807479
684517563,518017,1778615,14074193
384316591,519657,1654886,14074195
2460712,520972,753145,1161431
1102446546,521118,2025077,14074205
66765476,521238,1496046,14074200
8803712,521544,787638,14074202
379553236,524778,1648874,14074213
1296875340,525253,2173052,1797344
694061560,525261,1784547,14074215
926288084,525646,1915736,14074218
422181464,525648,1659194,14074217
950377495,525856,1932784,1681420
1242330582,526052,2125684,1936382
362036761,526433,1626615,14074221
533914408,527789,1705510,1827550
13583555,528904,1125843,14074228
1149367878,529742,2054212,1606295
310468075,529772,1566254,14074233
430610961,529800,1663463,14074237
631444561,529804,1746790,14077900
2473230,529816,757989,14074238
374194992,531130,1645559,14074240
532827200,531134,1705077,14074239
9715128,531232,803605,14074244
328333731,531244,1597308,14074246
9711437,531260,803096,14074247
1204622186,531334,2097303,1674386
10755580,531350,819228,14074250
19137643,531354,1321951,14074257
760533579,531358,1714648,14074253
17123036,531362,1178037,14074251
325189036,531366,1591278,14074252
21917748,531370,1410019,14074256
20015282,531378,1365851,14074258
315483355,532354,1576194,14074264
1109814467,532406,2031547,1581117
9574131,532431,800340,14074266
864238254,532728,1881399,1737089
448310929,532748,1672748,14074268
386578399,532956,1658514,14074269
310467978,532962,1518672,14074271
12726183,532994,1048570,14074272
604722020,533022,1729525,14074273
21883201,534890,1406041,14074281
1220660978,535528,2107817,1792577
630241065,535544,1746145,1894740
931623663,536056,1919915,14074289
615681903,536097,1742596,14074291
438968224,537370,1667420,14074297
1113414019,537422,2033226,14074298
449612812,537554,1673644,949814
847041193,537792,1869726,1862801
757616609,540079,1816403,14074318
1183470831,540083,2080696,14074309
1427154772,540087,2287783,14074314
669400856,540165,1770869,14074310
374194608,541387,1645505,14074321
22467061,541997,1453566,3713655
710083451,542218,1793465,1706463
7509008103,542302,4025537,1873180
1162066264,543022,2061645,2061707
335042019,543336,1610208,1965031
942963795,543344,1927612,14074339
1204587525,543389,2097266,14074342
66488809,543393,1483092,14074343
3930686869,543435,2826929,1733724
739069824,543833,1808634,14074346
661621464,543837,1765905,1681423
517995338,543841,1696907,14074344
969128971,544680,1946629,13579098
66602275,544762,1488745,14074349
334816,544774,80654,14074350
6831334255,544949,3834898,1331894
534088192,545102,1705574,14074353
2096433255,545134,2579464,14074354
1081851061,548133,2012072,14074356
545612200,548149,1713350,14074357
587777023,549572,1728501,3120215
371374675,550010,1639526,14074370
325954319,551241,1591779,2288756
3380664042,552545,2701842,1122872
310468317,552549,1566268,14074376
1633627709,552561,2395884,14074378
784196922,554458,1830944,1540656
1327408366,554528,2204554,14074381
28847,555252,8652,14074386
1046828736,555640,1985734,2148902
22442556,557115,1450961,510814
615681896,558897,1742590,14074417
301760711,558901,1550847,1498265
822840205,558905,1851631,14074419
661621808,558979,1765935,14074420
1053566,561468,202483,13590434
3332752011,567888,2679215,14074429
699108608,567938,1786584,14074431
534088375,567972,1705595,14074432
654538303,567992,1760921,14074433
553150833,567996,1716204,14074435
648894143,568000,1757441,14074434
716406323,568018,1796392,14074436
1025705421,568342,1977775,13607576
303406962,569481,1553515,14074438
553150987,569499,1716222,14074439
1198408283,569507,2093276,14074440
1214903401,569555,2103865,14074441
333646455,569607,1607078,14074442
7840360183,569637,13531278,13590599
1206650813,569725,2098901,14074444
1104013846,573752,2027630,14074449
1017127164,573772,1971960,14074450
538109975,573834,1707504,2069443
669401110,573914,1770895,14074451
20021372,573921,1366531,14074452
21734209,573962,1394724,14074454
553151029,573978,1716198,14074456
22524370,573982,1459221,14074455
865745420,574223,1882772,2079723
784196922,575757,1830944,14074464
1763733938,575845,2440607,14074459
1121318651,576245,2037570,14074467
1067591816,578810,2003120,14074475
1216766707,581599,2105265,14074477
1249689020,581787,2130093,14074479
1144427512,581871,2050353,14074476
669401068,585920,1770914,14074488
853940548,586210,1873184,14074490
324721161,586218,1590501,14074487
66044321,589600,1468142,1792449
637222815,593205,1749820,14074497
759138265,594164,1817220,14074500
666699012,596070,1768471,14074505
9707224,596090,802606,14074506
944641073,597258,1928909,14074517
559651368,597266,1719326,14074516
955138154,601437,1936378,14074522
663201537,601443,1767115,14074523
4681956070,601455,3181664,14074525
1060750389,601615,1998850,14074528
19141774,601619,1322586,222064
762475200,601658,1819247,14074534
1418751785,601674,2281226,14074535
559651389,601678,1719313,14074532
1101828094,601682,2022278,14074531
746851245,601690,1812708,13939452
305625106,601698,1557916,14074537
290289169,601741,1528944,14074539
1898965,601750,537191,14080126
428537994,602078,1662588,14074542
802153759,603588,1839351,14074544
669400660,603635,1770855,14074543
1444757591,603904,2300753,14074549
959352550,605926,1939069,14074559
622644749,606786,1743435,14074562
711057603,606816,1793685,14074561
560881703,606872,1720063,14074563
4551986422,608314,3132588,14074566
7846847718,608378,13531871,13585909
526721593,609214,1701764,14074575
379553116,609218,1648894,14074576
1204940422,610945,2097495,2078786
821073676,610976,1850607,14074590
1533371890,611570,2369424,4111117
5048101683,611574,3304239,398986
471045,611593,112382,84436
694061601,611603,1784564,14074595
992624538,611627,1957496,14074597
471006253,611635,1683422,1761913
822840526,611643,1851651,14074596
570873486,611776,1725020,3928685
637224133,611964,1749827,14074607
635941985,611968,1749097,14074608
19095759,613510,1315797,13582068
1786412,613987,498097,226585
865745723,615958,1882779,14074626
865745292,615966,1882740,14074625
1113659580,615970,2033605,14074624
715722402,616265,1796296,14074628
1302111627,616277,2179501,1705510
336751918,619154,1612289,14074643
762475134,619238,1819268,14074645
1058909889,619316,1997764,3837996
718819348,620314,1798239,14074646
3152903329,621991,2593579,14074656
1155616325,623782,2058152,14074663
1756597817,623818,2436855,2054487
719016026,624735,1798343,14074666
989177016,624833,1954412,14074667
2345838,624912,704247,14074669
1167831805,624940,2069447,14074671
383984006,625423,1653957,14077909
7339933470,625427,3979634,1966996
305624995,625693,1557906,14074678
865745432,625865,1882751,14074680
982928500,625885,1952375,14074681
932578057,628549,1920730,14074686
5510204042,629135,3446551,2281928
841696854,629262,1866067,1397358
1092273263,629332,2017507,14074692
407288,629393,90378,14074693
1419263084,629615,2281925,14074695
1033616488,629662,1982369,14074697
310445936,629844,1565965,14074701
743598189,629891,1810055,14074705
1241275027,630572,2124886,14074712
1467250,630632,389215,14074715
1389712125,630699,2259138,2310557
985969649,636329,1953234,14074727
7076300825,636385,3906993,2192769
1476507210,636601,2325577,14074728
311686464,637410,1568565,14074741
22354767,637414,1443038,14074742
926539244,637552,1915908,14074744
1418698465,638027,2281201,14074748
7464847027,638031,4014381,14074749
66418188,638035,1479171,14074747
865745564,638191,1882768,14074757
1905254882,638222,2510119,14074754
1435226502,638345,2294063,14074763
5695207096,638525,3508843,2567998
5108096303,639101,3323903,14074767
6619517498,639623,3772783,2212430
718788740,639691,1798182,14074771
1069213,640555,215010,14074776
427927591,642208,1662473,1340350
879867412,642255,1894279,14074788
1346744420,642576,2223498,14074795
1105897063,642836,2029877,14076047
1154277290,643808,2057331,14074797
1058909907,644948,1997773,14074803
7210791934,646193,3944788,1830952
3930662638,646209,2826823,2144722
1087569693,646767,2015048,143400
4934153783,646787,3265880,2089019
1251478918,646867,2131225,14074808
1029731870,646871,1980381,14074807
1434004722,647477,2293248,14074811
442828556,647560,1669932,14074812
8590125,647564,784047,14074813
1101941676,648010,2022459,1925968
323818173,648108,1588415,2290456
774746152,648112,1825397,14074822
8875500,648216,789488,14074823
2448818,650236,748432,4046927
1094108597,650589,2018485,14074828
1060667,650732,208094,14074829
515646385,650771,1670492,14074832
585980026,650779,1727485,14074831
1132509176,650783,2044899,14074833
1090212594,651451,2016943,14074837
1549217125,652227,2381449,1686831
553151174,652251,1716192,14074838
6086004223,652327,3625305,14076046
1180776331,652532,2078914,14074842
1527789467,652547,2366042,1888945
1496943217,652566,2343524,14074841
694061537,652570,1784580,14074843
884316171,652674,1896281,14074844
1023462497,655602,1976000,14074850
1438425691,656021,2296052,2717550
17885566,656342,1205727,1284403
1122200166,656374,2038406,14074851
1046917521,656500,1990007,14074853
1036597170,656508,1984357,14074854
17055089,656516,1176120,14074860
927840131,656716,1917059,14074858
1006759824,656757,1966055,14074861
935516720,657450,1922438,2338121
553151301,657650,1716214,14074869
937352243,657696,1924057,14074871
1242330661,657704,2125706,14074870
1385280140,657708,2255800,14074872
1078693812,657720,2010202,14074874
6741526636,658046,3808055,13676864
4132477847,659777,2896513,3094598
449612812,659817,1673644,14074905
1205248176,659821,2097756,14074904
863726785,660025,1880802,885714
2443056,661125,745808,14074907
735586070,661135,1806484,14074908
1499831121,662057,2345379,3352376
966690723,662061,1944562,14074914
14928603,662930,1155517,14074918
22478073,662934,1453876,14074917
1033616482,664483,1982383,14074924
1334042654,666815,2210833,14074938
1517854964,666819,2358590,14074937
1172876074,667003,2069776,14074940
1053993501,667187,1994661,14074942
317131351,667203,1576958,14074943
735585973,667211,1806471,14074946
998214240,667296,1960755,14074945
1734778925,667341,2429254,3360361
936320148,667361,1923261,14074948
1242330563,667873,2125683,14074949
894089204,668072,1902693,14074951
1058909936,668143,1997777,14074953
1058909893,668240,1997788,14074952
4670332731,669175,3177527,2103813
7798630272,669267,4105179,1697475
4461587362,669271,3095832,2267408
998214284,669933,1960794,14074959
66645706,669945,1491079,14074960
6135658092,669949,3638296,14074961
317131393,669969,1576955,14074963
1029731868,673155,1980383,14074971
1277151917,673179,2153436,14074972
1144824787,673201,2050686,14074976
1085980138,673205,2014153,14074973
4092394476,674191,2880522,2178198
7729134372,674831,4085327,2524186
5469765542,675417,3435111,1914517
1046905206,676102,1987871,14074983
1147945304,676162,2053121,2536051
7846942728,676178,13531701,13657409
1007373218,676763,1966944,14074985
1766116196,678256,2441599,2387950
5742561287,678260,3524202,2444406
4225850365,678268,3029703,2408183
1058909901,678276,1997770,14074990
1057185,678284,205340,14074989
1077134,678296,221506,14074988
1077221467,678962,2009283,14075005
860208228,679510,1836230,14075007
1033616490,680342,1982402,14075009
607464986,680358,1738748,2154420
1182388539,681706,2080121,14075013
936320133,681710,1923256,14075012
1075856137,681738,2008360,14075014
1543008664,681766,2376686,14075015
1415152949,681786,2279562,14075016
468932000,681854,1682090,14075019
1001185468,682824,1962849,14075023
1197169528,683684,2091582,14075025
7509009160,684017,4025644,13996864
3624954737,684676,2787389,2054488
1021596616,684704,1975133,14075041
1017127166,684708,1971956,14075042
1760998231,684901,2439458,14075043
1058909883,685754,1997769,14075049
1211998875,686415,2102581,14075048
1615136215,687158,2388285,2395235
1483230298,688329,2331597,14075067
1275421868,688379,2152208,14075071
1448271465,688957,2304079,2394382
1092536007,690365,2017651,14075076
745268362,690553,1811461,14075082
1472307834,690588,2322527,14075081
1099976824,691613,2021333,3724626
639420810,692742,1751084,14075100
1197169486,692766,2091585,14075101
1492989062,692968,2340971,14075103
926539267,692972,1915923,14075104
1029731240,693734,1980392,14075106
1263345159,693788,2140730,14075105
1814523418,693792,2462565,3865776
7831309746,693842,1615490,3917335
331861626,694363,1602834,14075110
1031761995,696292,1981193,2318637
1033616486,696590,1982384,14075116
826320905,696594,1854303,14075115
1177847082,696803,2076693,14075117
1046914608,696969,1989501,14075122
294545763,697159,1534488,1590010
1636804758,701070,2396971,14075124
1238416801,701075,2121792,14075125
1198761286,701085,2094022,14075126
1198762922,701194,2094018,14075127
960350929,701510,1939907,14075130
1618824219,701526,2391021,14075129
7095136650,701617,3912142,14075131
1901978527,702155,2507430,2033226
1096988444,702163,2019901,14075132
1087569634,702167,2015025,2051918
1129020278,705439,2043126,14075145
999680265,705443,1961825,14075144
1273024198,705451,2150007,14075146
920036255,708235,1910672,14075171
1524304724,708280,2363435,14075172
1180776308,708319,2078883,14075174
1370825983,709566,2244280,14075183
1387352061,709953,2257713,14075189
1249689020,709981,2130093,2530226
1432247678,709985,2292037,13706270
961670309,710167,1941604,3772778
951965142,710211,1933898,2114389
1636804758,710222,2396971,14075191
1487780291,710318,2334435,14075192
1775375780,710548,2445399,13707020
1872417015,710552,2493562,14075193
1264834237,710564,2141705,14075194
1721547930,710608,2424816,14075196
1488554324,710638,2336470,2371165
1228465261,711355,2114628,14075203
1058909892,711359,1997752,14075204
982845052,711473,1951365,14075205
1999169007,711485,2564972,2093993
3300196594,712693,2665437,2517967
1154277291,712697,2057327,14075254
7729134372,712841,4085327,2795348
1389712045,713019,2259106,14075260
1000416280,713054,1962117,2427487
884543334,713106,1896508,1723661
21574017,713781,1380683,14075262
1839188558,713910,2475664,2501987
4764794970,714346,3208874,14075269
1102446542,714354,2025088,14075267
7485952910,714382,4019457,1884271
7373777294,714390,3989878,14075268
1360244493,714695,2235284,2330015
1171600715,714702,2071318,14075270
1614246743,715103,2387963,1985300
1329117239,715435,2207045,2532422
5879511531,716367,3566097,2150753
4134287643,716390,2901548,2632559
3168471627,716437,2601808,14075280
1686614366,716453,2408156,13641506
1536666159,716493,2371988,2438194
3449640382,716722,2736115,14075282
1496943465,716756,2343565,14075283
762474921,717759,1819227,2154801
1451829441,717893,2306796,14075287
1887886193,718305,2500480,14075291
1362899247,718309,2237523,14075294
4952306847,718313,3271281,2435271
1442146195,718317,2298735,14075298
361687491,719037,1624617,13707500
602568936,719352,1541578,14075301
1496943533,719391,2343567,14075303
1151207156,719422,2055985,14075310
1064713164,719442,2002001,14075304
1554939806,719476,2384876,2576334
3400593007,719484,2712156,13709713
17004731,720923,1174592,14075314
1851186469,720943,2483170,13641543
7831588674,721145,13529685,34796
1198762932,721406,2093997,14075316
1092536003,721430,2017633,14075318
1171600738,721438,2071305,14075317
1936115794,721469,2529384,4029240
1179594346,721473,2078035,14075320
6908894238,721619,3858118,2438102
1180776312,723210,2078877,14075322
1180776290,723654,2078866,14075324
1415930461,723658,2279877,14075325
2216174,723872,653229,14075328
1389712065,724122,2259108,2179747
19206896,725623,1326443,1155512
311686402,725790,1568543,14079086
4374238992,726653,3070638,14077092
254454,728363,68125,14075334
6689438032,729569,3793057,14075351
1514815346,729897,2355935,14075352
1746322511,729905,2433103,14075349
3530245023,730370,2760472,14075353
1389712099,730402,2259144,1991049
1186702171,730463,2082568,14075358
705351950,731627,1790444,14076050
594116871,731655,1731000,14075366
669400561,731675,1770837,14075370
502428396,731679,1688773,14075369
1527306221,731687,2365890,14075374
6667219322,734792,3786934,2491807
3251313851,735194,2639085,2017137
1216792449,735326,2105311,14075420
1387352093,735330,2257723,14075421
1389712075,735402,2259131,14075422
1172876101,735522,2073574,14075423
1389712095,736013,2259135,14075428
4429429622,736045,3086644,2565331
3139814254,736245,2586628,2520950
1828634445,737343,2469171,13705478
1370825595,737354,2244258,14075437
1415152979,737366,2279582,14075436
1535463924,737382,2371179,14075435
3395050093,738000,2709449,2491696
3272220086,738012,2649506,14075444
1746322515,738561,2433098,14075445
1389712051,738573,2259102,13537720
5000778599,738638,3290042,2585725
4864876471,738658,3238550,14075449
1496943451,738929,2343560,14075447
1737871408,739779,2430269,14075451
1514815358,741772,2355942,14075452
1467520179,743696,2318751,14075458
1387351853,743704,2257692,14075456
1415152961,743736,2279574,14076404
1370825601,743934,2244252,13645762
4666449691,744061,3176321,2700193
3146767889,744758,2590622,14075463
1828696408,745309,2469739,14075481
1486542574,745902,2333519,14075484
7402384057,746549,3997567,2402889
3408766311,746690,2715637,14075493
6087705148,746709,3625810,14075497
1686126296,746800,2407782,14075496
1006759889,748356,1966068,14075508
455127458,748360,1675155,14075509
3493722377,748364,2749658,14075511
1649198486,748460,2400373,14075516
2352309,748596,707074,14075522
39142,748604,14055,14075524
1496943397,749503,2343584,14075526
1867718822,749536,2491745,14076489
6760795767,751858,3813522,2736423
1814523118,752058,2462537,14075532
1508480919,752118,2350952,14075536
1469052702,752381,2320005,14075537
4728069024,752792,3197378,2558369
5307597905,753032,3385033,1755526
1496943373,753036,2343526,14075539
1411082389,753064,2277244,14075542
6782504,753150,771365,14075540
67207237,753292,1512350,14075543
956494374,753764,1937442,14075573
1058909938,754647,1997779,14075574
7849343387,754799,13996703,14017630
308151460,754839,1562803,1724524
5309073401,754859,3385598,2493550
5346916814,754954,3399141,14075575
5273902359,755090,3375850,2795056
6238813403,755126,3669658,2493598
5329987698,755141,3392121,2392061
3528980917,755326,2760243,14075581
66716602,755917,1494136,14075586
1548932873,756047,2381105,14075588
1629860194,756685,2394141,3872663
1253043370,756713,2132526,2359396
3453058904,757100,2738004,254299
3249908106,757196,2638732,14075596
1916636416,759080,2517500,14075598
724972444,759776,1801317,14075604
1440594083,759808,2297585,2491714
1543131892,759816,2376917,3939907
7846847710,760064,13531883,13725408
343940,761063,81924,14075613
1867718854,761071,2491712,14075614
1524304748,762769,2363437,14075624
530384938,762905,1703847,14075621
1279936355,763415,2155233,14075625
3254704570,764450,2640309,14075634
1846332801,764507,2480056,14075635
1890559406,765403,2502057,14075662
1527048408,765857,2364719,14075666
1890559319,765865,2502058,14075668
1514815350,766314,2355932,14075670
11740925,766438,821820,14075671
1438921903,766454,2296525,14075673
1860857245,766501,2488337,14075675
937352215,766505,1924037,14075676
7846843759,766541,13531914,13739759
1712038869,767510,2420840,14075691
1218718233,767518,2106602,2323740
1527048388,767550,2364726,14075689
474675,767838,114294,14075693
7658620698,768062,4065865,2852692
985969677,768214,1953266,14075703
1514815364,768594,2355958,14075704
3496599264,768713,2750752,14075705
6067496813,768988,3619862,2706294
1544819032,769392,2378222,14075708
1544817609,769396,2378191,14075709
1538367424,769400,2373451,14075711
5200261231,769404,3352364,14075710
1862604535,770023,2489392,14075713
891027790,771849,1900551,14075719
1791642181,772349,2452318,14075730
1814523148,773580,2462528,14075735
1843847438,773584,2478360,14075734
1543131906,773680,2376911,14075737
2001239577,773684,2566057,14075736
936317882,774091,1923251,14075741
6924131604,774593,3862341,14075742
3163967341,774605,2599951,14075740
5224810382,774635,3361378,1844697
4067741438,774649,2873893,2776960
4646468006,775557,3166942,14076660
1887886155,775808,2500446,2819899
4954315732,776200,3271932,2251421
1922447972,777312,2520965,14075759
3676341730,778103,2802061,14075761
1197169520,778385,2091594,14075766
1555896320,778517,2385624,14075771
1313828117,778812,2190492,14075784
1874816258,779526,2495051,13928945
4495146763,779698,3108432,14076662
1915890613,779858,2516188,244871
1464368254,779896,2316521,14075790
5308172548,779947,3385229,2831019
3997212890,779982,2851416,14075791
1803479335,779994,2457134,14075793
5619954106,780078,3481606,2831981
1867717572,780098,2491710,14075795
3260744838,781424,2644000,14075806
6201774305,781428,3659943,14075803
4495146721,781544,3108419,14075805
1971379503,783418,2553297,14075811
4962802553,784348,3275674,14075817
1867719046,784380,2491777,14075818
1386932250,784392,2257152,14075819
1514815344,784601,2355940,14075820
1789714229,785126,2451459,14075821
1544819068,785250,2378221,14075822
1467520121,785286,2318745,14075824
3257121782,785526,2641889,14075828
406842,785534,90225,1332830
1655345064,785658,2403324,14075830
1737871410,785880,2430270,14075831
4111681047,786000,2885819,2723925
4506254559,786124,3113843,2877087
3484586572,786532,2747678,14075835
1867719018,787146,1607166,14075841
1867719038,787821,2491942,14076051
3441262871,787829,2731778,14075840
1737871345,788128,2430296,14075842
242997,788270,65735,14076412
313458498,788274,1572442,14076416
504451732,788278,1689950,14076413
1544819006,788366,2378202,14075844
3630687668,788450,2788976,2452474
435769,789477,97948,14077093
1923943870,789732,2521615,3185978
2173619,789908,638537,14075850
1867718958,790428,2491739,14075852
1251478908,790492,2131219,14075853
1129020283,790892,2043141,14075854
1078693780,791153,2010210,14076052
1839416203,791197,2476138,14075855
2081770176,791221,2577751,14075856
1514815402,791252,2355976,14076338
1122200199,791312,2038412,14075857
4495146741,792530,3108423,13752345
3657361915,792618,2797497,14076530
3663591062,794525,2799075,14075867
1846332969,794931,2480080,14075868
1732107008,794935,2428442,14075869
3450220516,794947,2736447,14075870
1846332903,795606,2480048,14075872
1867718832,795630,2491703,14075871
4080688991,796475,2876829,14076337
1867718900,798257,2491780,14075880
3663591040,798269,2799089,14076058
3294318666,798357,2662742,14075879
3930677655,800516,2826861,14075930
4495146713,800644,3108452,13897310
1939285349,800964,2531667,14075933
4092283231,800968,2880395,14075934
1887886117,800980,2500479,2839364
1514815342,801024,2355947,14075942
1495560608,801538,2342498,14075944
3175876981,801546,2605304,14076060
1720440973,801550,2424076,3207424
6714556724,802418,3799316,2259129
1791642065,802783,2452307,14075959
1527048424,802791,2364698,14076061
3323062956,802795,2673494,14076064
3158404225,802799,2597087,14076062
1026734187,803071,1978388,14075960
16851743,803366,1170017,14076063
948558702,804041,1931917,14076072
1483040166,805736,2330656,14075989
1693135665,807221,2411502,14076075
1843847376,807474,2478870,14076010
6748984443,807540,3809823,3427183
4470773290,807696,2854283,14076021
3626718159,808044,2787970,4013350
131298,808950,45428,14076080
624224486,809169,1744214,475124
322058111,809185,1585527,14076086
294664,809201,75882,13587855
1442146178,809858,2298713,2042231
1269113155,809914,2145571,885552
1197169570,809958,2091621,4025388
1144824785,809978,2050674,4065883
693475329,810042,1783890,4065861
359970827,810278,1621879,4051733
1031762033,810610,1981205,1621886
825741239,810646,1854081,4085331
7509007899,810774,4025439,4025431
7509007999,810806,4025480,4025484
759138133,811454,1817209,14076316
1107582038,811842,2030903,14076126
320637053,812444,1583556,14076138
865332518,812576,1882405,14076144
2382479,812976,88769,80676
3740205183,813653,2805384,14076172
7729744003,816583,4085539,14076178
3970542351,816996,2843273,13531254
3930266748,817354,2826387,14076203
1789714161,817574,2451445,14076206
4129844628,818122,2894230,14076020
1867718962,818734,2491742,14076207
2251892,819596,666135,14076022
1527306223,820750,2365888,14076208
938963425,820766,1925115,14076220
534088284,820940,1705608,14076219
881404619,820944,1894437,14076222
3310706294,821019,2669159,14076319
3383747257,821134,2703214,13728276
3522135756,821917,2758241,14076457
1212250716,822371,2102856,3761223
1220540,822445,293821,14076260
1222258,822449,294588,14076264
1222259,822453,294584,14076262
4307985482,823292,3048746,14076318
3522135792,823460,2758227,14076280
3216996105,823480,2624923,14076279
1514815348,823964,2355936,14076278
5550581882,824449,3459746,14076282
4217578771,824938,3027560,13766348
1999169007,825010,2564972,2483165
3936209946,825054,2829155,13772271
1843847348,825229,2478337,14076290
4495146749,825361,3108446,14076365
1686614420,825625,2408165,14076347
4905444925,825982,3253895,14076340
7748657669,827592,4090691,4111263
1527048412,827751,2364712,14076532
6082270796,829681,3623809,3067638
3158404290,829693,2597107,14076736
3749420242,829715,2808237,14076362
1070806307,831096,2005426,14076311
5140540012,831525,3334902,3006938
1524304728,831608,2363430,14076371
7819175147,831665,4111146,14076310
3255895715,832081,2640604,14076363
6648129621,832468,3781211,2535849
7768741798,832492,4096910,14076533
1440594889,832536,2278839,14076735
7846942700,834908,13531715,14076420
4966678651,834976,3276760,13778649
4374185109,836212,3070505,14076374
7071306784,836320,3904717,2571330
1370825625,836654,2244240,3037468
1546239492,836769,2379464,14076421
310087,836921,77655,4111097
3450220506,836939,2736453,14076547
3323064083,836942,2673488,14076665
3485515129,837653,2747924,2758232
3443100184,837659,2732288,2576243
4011438999,838519,2856425,14076443
4977807588,838537,3279909,14076402
3430472851,838546,2727286,13574417
3476011130,838754,2744924,14076574
3158404392,838837,2597110,14076422
3522135752,839048,2758229,14076405
1082598,839115,226132,14076423
3930362560,839408,2826451,14076573
4657338001,839543,3172030,14076664
1170433048,839732,2070524,14076742
7815063724,840773,4110065,14076447
148721,840815,48464,14076466
7356996044,840827,3985142,138954
5048101683,840965,3304239,14076464
4065654763,841044,2873154,14076743
1088296714,841071,2015323,1779649
1922447964,841193,2520957,14076577
1275421880,841422,2152202,14076575
4646748888,841676,3167262,14076451
19889493,841691,1352512,14076576
4062021899,842078,2871585,2340218
7659450655,842855,4066061,3150494
4871087084,842867,3241041,2803875
3158404362,843014,2597113,14076666
4301940721,843206,3047113,14076473
4390381067,843221,3076284,14076578
1527048452,843248,2364706,14076579
1867719052,843431,2491775,14076667
4026707008,844220,2861293,3110096
3610582721,845309,2783631,14076586
3760011394,845312,2811645,14076581
1629861616,845412,2394154,14076583
3158404462,845415,2597134,14076497
3968605306,845446,2842391,14076584
3950573449,845471,2834607,14076668
1491302975,845474,2339711,2766493
4147427983,845846,2981398,14076585
6137226185,845891,3638923,14076747
4461156847,845925,3095613,14076500
560371478,846504,1719499,14076479
5775193057,847135,3533366,2520960
394959,847138,87983,14076591
1995602790,847150,2563195,146636
4217885089,847253,13530876,14076592
3576345211,847268,2772357,14076746
301760638,847431,1550848,14076595
3579427579,847518,2773389,14076669
6135899706,847683,3638398,14076602
5779963014,847890,3534896,3218490
4759926178,848118,3207675,14076748
4393678481,848136,3077319,3120791
4352167851,848139,3063538,14076749
1078105964,848322,2009816,14076750
1440594989,848482,2297640,14077102
4461143079,848680,3095580,14076642
1278881386,849144,2153870,14076675
2012569594,850458,2571357,14076687
1198761296,850524,2093967,2483900
5771150627,850656,3532531,2723961
1803479353,850659,2458908,14076754
656786138,850665,1761925,14077105
3772292073,850668,2814865,14076752
3496986663,850747,2750928,14076648
3314749254,851297,2670578,14076756
3998392377,851300,2851806,14077106
7726166130,851343,4084062,2491356
3657361962,851532,2797515,14076760
1517854990,851986,2358545,14077108
981412055,852217,1950512,14078749
1686614374,852229,2408198,14076759
7516707783,852238,4027887,13791864
6379604467,852292,3707077,14076767
6770839314,852306,3815983,2704863
4581344085,852403,3144373,14076694
1846332849,852424,2480075,14076762
3424704748,852430,2723943,14076763
534088269,852511,1705582,14076764
1481503230,852529,2329860,14076695
4548838245,852532,3131235,3163839
7059803112,853194,3901401,2888825
1499453962,853212,2344704,2826664
5788135113,853395,3537511,2516188
209563,853535,59576,788698
4042631068,853828,2866742,4003137
4190764607,854711,3018466,2475688
4682152912,854723,3181889,13793222
3413499781,855180,2717851,14076787
7846847714,855373,13531881,13797404
4978616022,855738,3280503,14076806
48633,855744,17009,14076805
3395050093,855799,2709449,3643302
3499412428,855934,2751855,14076813
3944898633,855993,2831978,14076815
3233648140,856317,2632694,2360731
7819896561,856473,4111283,14076821
6146661309,856500,3641237,4085324
3515436294,857164,2756539,14076836
3573362411,857206,2771360,14076837
4044137444,858074,2867716,14076844
4194983373,858080,3020275,14076845
4177426460,858086,3007307,14076843
971844796,858240,1948545,14076847
5877889331,858259,3565520,3051614
7127254930,858263,3921066,1717700
6073932368,859013,3622103,2873333
1989753721,859134,2560756,14076853
4910746746,859320,3256709,13799755
3622588685,859425,2786845,14076856
4787388653,859809,3218415,4025544
4065654793,859901,2873149,14076858
1391365776,860210,2260713,14076882
3659641400,860230,2798270,3958321
4662254417,860575,3174283,2520977
4023199207,861153,2860307,2429236
4820637674,861165,3227525,3092570
5266050534,861213,3374129,14076890
5388646576,861443,3411198,2797520
3310706220,862574,2669164,14076892
1874816246,862858,2495041,14076896
3522135766,862866,2758224,14076899
1457958613,863665,2311841,14076906
4044137318,864101,2867712,14076903
4386502873,864104,10872,14076905
3318452308,864107,2671968,14076904
3413995670,864206,2717993,14076908
3447397796,864420,2734897,3027224
6599211940,864678,3767955,1958158
1057250,864977,205388,14077112
1057327,864983,205447,14077113
1057654,864992,205725,14077116
34930,865003,12748,14077117
1119247537,865055,2036505,14076923
4328199932,865653,3054606,14076928
3936512013,866841,2829280,14076929
17965992,867209,1213787,14076931
3441262785,867212,2731775,14076932
4460188711,867233,3095073,14076933
3314749260,867249,2670572,14077120
1012384897,867255,1969995,1974077
6611412036,867470,3770278,14076957
6267121700,868459,3677577,2876983
5485814730,869381,3438295,2054506
74644,869477,25153,14077121
7509007522,869598,4025327,14076968
4588075850,869957,3148049,14077122
4036186104,871254,2863695,14076973
4130222961,872743,2894351,4111102
3158404292,873573,2597106,14077022
3530245017,874152,2760471,14077126
5109225794,874282,3324529,14077026
4062021492,874537,2871598,14077129
1889783874,874837,2501279,14077134
803685112,875894,1840689,14077139
4457077133,875900,3094298,14077147
3436034132,875903,2730138,14077142
5871831766,875906,3563529,14077045
4906537932,876504,3254698,14077144
7795979167,876681,4104825,14077145
5127726630,878254,3329882,14077150
4958800449,878342,3274304,14077151
4552503640,879716,3133067,14077156
4453130315,880412,3092736,14077160
4008156020,880418,2855425,14077158
3314749186,880428,2670580,14077159
3643040722,880584,2792440,14077161
1796258442,880680,2454540,3829220
3522135780,880695,2758238,14077171
4825709445,881142,3229857,3813925
4795580340,881318,3222469,14077178
289956272,881718,1528573,1558125
352264,881827,82679,76108
4011238661,881879,2856334,14077187
5049257526,882438,3304838,2882487
3411847297,882646,1607209,14077208
5128176775,883018,3330158,3332229
5057391234,883033,3307954,14077236
3441262909,883343,2731845,14077245
4042631106,883346,2866721,14077244
1334029878,883591,2210813,3292366
7333471296,883624,3977674,2088992
4008156038,883876,2855283,14077262
6565942910,883986,3758238,14077264
2489311,884101,764043,14077271
4062021418,884185,2871628,14077292
5030775109,884188,3299737,14077289
4374238966,884234,3070620,14077302
4062021378,884252,2871592,14077300
1246138,884258,305159,14077306
1509112,884510,403201,14077307
3647518164,888432,2794035,14077367
7840360158,888533,13531286,13581482
13408371,888569,1122869,13881063
7556194492,888617,4038377,14077371
3525200118,888637,2759135,14077593
7831309748,888644,1615547,14077373
4569664581,888647,3140044,14077375
1062242,888900,209358,211013
435754998,888915,1666579,422114
6232659312,889009,3668885,14077381
5131691408,889189,3331966,13779401
4837403188,889401,3232067,2727298
298963149,889449,1543575,1182233
3274760677,889857,2651268,14077423
1470641515,890127,2321120,14077427
7846942672,890139,13531729,13803610
1198762919,890147,2094017,14077429
4731616474,890156,3198665,14077431
4374238970,890554,3070642,14077432
7509008776,890578,4025538,14077433
7846942698,890584,13531714,13805562
3522135772,891585,2758220,14077440
3663591092,891588,2799060,14077439
4731616494,892045,3198676,14077441
4374239074,892541,3070663,14077444
4374238968,892556,3070619,14077443
4374238976,892583,3070637,14077445
5127530688,892650,3329822,14077446
4346447465,893085,3061213,14077447
3972180343,893224,2843838,14077448
1415153063,893299,2279573,14077449
4374238926,894813,3070621,14077455
3424704646,894844,2723976,14077456
1420445504,895043,2282331,2270807
4377820556,895499,3071947,14077458
4698273478,895502,3187436,14077459
5286708655,895505,3380031,14077460
5823370909,895544,3547361,2811983
4848374407,895923,3234968,2899176
5200742237,896556,3352641,3187382
2160412,896769,634298,426565
4374238996,898535,3070618,14077778
19985996,898630,1362066,14077474
331855898,898693,1602695,14077475
1068507,898875,214435,14077476
947328697,898985,1930821,14077477
5240482853,899073,3366471,14077480
5240491838,899078,3366478,14077478
454514,900630,103779,14077733
3522135774,900789,2758225,14077732
4238851354,901434,3033097,3393625
5261621698,901447,3372710,14077506
7729744019,901450,4085554,14077505
4765329790,901474,3209199,13823078
5200742211,902092,3352660,3840374
4233976945,902098,3031746,14077507
7846942684,902257,13531722,13674622
4978219040,902506,3280349,14077527
4787873405,902509,3218768,14077526
4791812072,902512,3220826,14077528
5207620239,902520,3355178,3463693
3158404346,902765,2597112,14077529
4062021466,903700,2871619,14077532
342139487,903784,1614214,14077535
745268447,904045,1811482,1476054
5493407261,904181,3439715,14077538
424587,904224,93732,14077540
4346447436,904696,3061215,14077542
6992361646,904711,3883117,2828241
3562742418,905000,2768508,14077544
4181601721,905003,3013535,14077543
7134329169,905012,3923198,3383297
5278707780,905027,3377536,14077545
5230001099,906017,3363472,14077548
6811370324,906467,3827938,3413900
4374238978,906495,3070633,14077779
3499412498,906498,2751880,14077782
3754261217,906584,2809525,14077844
4221363892,907443,3028693,14077553
6267121704,907457,3677581,4047145
3499412432,907460,2751871,14077556
5308101696,907478,3385207,3373861
7509009158,907987,4025661,4098589
5113193084,908719,3325938,14077581
5066556339,908722,3310553,14077578
5213313731,908725,3357351,14077580
320636600,908740,1583531,14077781
4698273400,909890,3187452,14077600
1543131942,910085,2376936,14077601
7764323309,910124,4094880,3189926
1632960326,910289,2395813,14077603
4781009804,910328,3215676,3821768
7747143468,911216,4090063,14077585
382312,911409,86958,1933908
3476011238,911624,2744921,14077698
5092591120,911633,3320058,14077608
4069001552,911639,2874523,14077612
3175876973,911648,2605284,14077613
4169591148,911660,3001641,14077736
6790462385,911864,3821778,14077912
5407389081,912321,3416389,14077630
4146481322,912324,2976463,14077629
4275529807,912336,3041514,14077735
4569664551,912402,3140034,14077836
4628673692,912405,3160035,962545
4374238986,912435,3070629,14077632
4917741279,912438,3259729,14077635
5586056059,913270,3471041,14077783
4313651826,913627,3050140,359930
5718271778,913658,3516730,3249367
4192100807,914067,3019427,14077664
7770868646,914213,4097531,2791266
3998392375,914222,2851779,14077738
4374238932,914285,3070599,14077739
4005086769,914291,2854148,14077699
4698273424,914474,3187432,14077665
1487954207,914477,2335045,14077666
4721568978,914480,3196669,14077667
7747143474,914659,4090068,3455611
4906564331,914668,3254732,3134912
4698273388,914845,3187407,14077741
4020138364,914878,2859442,14077740
3648682300,915358,2794610,14077689
5413930740,915364,3418354,14077690
4374238960,915478,3070630,14077742
5609166483,915574,13531379,3495496
4569664563,915658,3140040,14077720
3643040760,915694,2792444,14077743
1916636408,916249,2517477,3482177
5140540075,918005,3334940,14077747
4592148852,918011,3150125,14077744
3758906982,918020,2811215,14077786
4880716064,918026,3244315,14077787
5109282753,918029,3324557,14077835
4902303648,918494,3252952,14077914
4623830701,919867,3159192,14077834
5290485550,920682,3380885,14077750
4605190980,920695,3153793,14078851
5261621363,920704,3372747,14077771
5035259113,920707,3301444,14077772
4845523514,920713,3234247,14077773
4743700702,920734,3203562,14077812
5560756157,920737,3463718,4110055
5947697304,921548,3585127,14077915
3314749278,921572,2670588,14077810
5273902359,921743,3375850,3448926
3617301200,922230,2785390,14077884
7509007629,922233,4025424,14077837
3856285027,922478,2819053,3821771
3365708407,922727,2694363,14077841
5159126590,922748,3340189,14077839
6019905324,922760,3606462,3527797
5756710091,922964,13971068,3499916
4008155962,922997,2855290,14077840
4861945616,923391,3237923,14077842
5848966240,923695,3556393,4099185
3493741118,924672,2749742,4054981
5393402515,925127,3412559,14077917
5805359997,925148,3542546,14077919
5317532050,925205,3388236,14077920
712832966,925211,1794416,14077921
5164585025,925256,3341330,3380103
4977807588,925265,3279909,14077851
5323108230,925268,3390210,14077849
22493092,925280,1455771,14077924
328672777,925286,1598543,14077923
324364990,925365,1589337,14077926
3388168947,925368,2704728,3381221
5805228909,925383,3542486,3648500
7236266475,925413,3854941,776429
5875434975,925590,3564862,3528066
4670543667,925868,3177966,14077859
4910967236,926033,3256821,14077942
4861945596,926213,3237925,14077944
5937012887,926515,3581701,14077959
4765330441,927225,3209270,14077965
5185592268,927412,3348213,14077977
5756387686,927480,3528076,14077979
5768083261,928444,3531657,3548497
4892746438,929110,3249367,3516730
379858646,929173,1649503,14077995
303431258,929179,1554348,14077996
638027275,929185,1750143,14079938
4967671148,930597,3277064,14078001
5407770585,930600,3416546,14078004
5314421360,930603,3387264,14078003
5937470092,931793,3581843,14078006
5173314019,932257,3343745,14078019
5831183019,934150,3550444,3552730
5197497778,934256,3351829,14078026
1846333039,934352,2480094,14078027
7729744023,934466,4085543,14078028
4520035871,935214,3119548,14078039
4698273438,935226,3187426,14078045
5718046615,935683,3516588,14078049
5129089816,936712,3330955,14078052
5302601069,936736,3383705,14078057
5601582220,936757,3475255,14078058
5466787707,936760,3434882,14078059
3522135806,936931,2758273,14078061
5132460723,937294,3332337,14078062
5361545741,937400,3404049,14078064
4453962675,937418,3093269,14078063
4781009796,937421,3215677,3748106
5357825719,937433,3402619,14078066
5361545731,938080,3404050,14078069
5034715760,938092,3301096,14078070
5407770469,939127,3416527,14078071
4604754991,939527,3153640,14078089
1843847380,939551,2478353,1225120
4315677342,939898,3050950,14078090
5140539994,939919,3334916,14078775
4941637087,940639,3268987,14078091
25190,940919,7455,3070607
6132950147,940925,3637570,13769365
6493700297,940940,3737997,3399147
4408660240,940946,3081195,14078610
4873584664,941037,3242211,14078868
5463587861,941544,3433930,14078106
5109282751,942562,3324585,14078127
5579255102,942565,3468850,14078126
7815063718,942571,4110082,14078125
5309073291,942574,3385639,14078124
5991522725,942717,3598776,301207
5999130907,943484,3600916,3441935
7830785271,943523,1615668,14078131
5579255206,943607,3468855,14078133
6573784667,943761,3760588,3551569
5809888758,944327,3544374,14078134
5924492581,944336,3578811,14078135
6073675719,945031,3621870,14078143
3499412504,945040,2751878,14078146
19695934,945046,1339728,14078147
989875448,945575,1955568,14079096
5991187634,945581,3598474,10559
4769393144,945788,3211589,14078162
4769393132,945797,3211547,14078164
5129089727,945803,3330669,14078163
5302601307,945809,3383752,14078166
4973348693,945812,3278291,14078165
1418338562,946058,2280789,1446330
5278707665,946921,3377532,14078171
4557517473,946939,3134178,14078175
327252090,946978,1596084,14078177
6312296750,946984,3689198,3200405
4192100857,948026,3019439,3334908
3596722957,948029,2779085,14078180
5925833031,948032,3579219,14078708
5140539982,948064,3334870,14078182
4557517307,948804,3134175,14078183
5956869939,949246,3587831,2731777
6136699116,949252,3638577,3849286
5067982036,949696,3310825,14078191
5505418585,949699,3444124,14078189
6980832917,950925,3879822,3419362
66438069,951423,1479624,14078491
4765330459,951926,3209262,14078220
6957814068,951929,3873049,14078219
5257535791,951947,3371308,14078221
6229225437,951951,3667178,14078222
5991180615,951978,3598463,14078228
4654981464,952036,3170973,14078238
8845276,952069,788714,14078567
22280063,952076,1435165,14078243
13805119,952090,1130246,14078652
22254047,952097,1432427,14078711
18875419,952118,1278972,14078922
2458367,952129,752151,14078921
376535,952134,86041,638429
922846288,952159,1913514,14079099
6177565760,952231,3652480,14078249
3981568889,952741,2846641,14078250
5407773055,952762,3416525,14078493
5992444987,952798,3599032,3937686
7774473605,952807,4098651,14078492
1053970088,953384,1994632,4110491
4618202967,953608,3157858,3120842
5963659915,953630,3590398,14078266
5342982713,953943,3397081,14078268
6474367886,953952,3733514,3689005
6760203613,954351,3813039,14078588
326922622,954632,1594973,14078275
5574346434,954644,3466981,14078633
6343274656,955071,3697166,3341422
6366182697,955074,3703321,3638925
5309073317,955402,3385647,14078494
5140539984,955551,3334894,14078566
7318114195,956416,3973992,2813687
850562943,956425,1871094,14078631
6137226185,956493,3638923,3090643
4023199189,956496,2860294,14078495
325676329,958662,1591592,14078499
4756068248,958677,3206576,14078294
5129089725,958680,3330661,14078297
4042631052,959984,2866722,14078501
5261621377,960428,3372709,14078510
5286814249,961313,3380233,14078515
5547086673,961349,3458150,14078560
5632791361,961352,3486543,14078521
5407770512,961355,3416561,14078590
5991522691,961876,3598752,14078525
5346916788,961879,3399157,14078527
6228740857,962832,3666907,14078562
3322761109,962904,2673211,283149
4892746522,964282,3249397,14078561
4192100857,964285,3019439,14078531
4181601719,964959,3013544,14078653
5156334120,965234,3338979,14078635
5213313721,965237,3357368,14078682
4769392695,965243,3211576,14078530
6405252583,965246,3714638,3665087
6289631144,965682,3683814,14078533
7834826673,965694,776275,14078534
5152256070,966136,3337660,14078542
6633074629,966232,3776722,14078591
5152256078,966739,3337661,14078544
6648129621,966906,3781211,3585002
7210453086,966914,3944674,3385251
5992446260,967266,3599022,14078636
21576016,967272,1380724,14078627
321754483,967275,1584993,14078628
4371088853,967278,3069411,14078638
4557626756,967482,3134284,14078571
6186710760,967524,3655016,3211520
6546746059,967724,3752924,13558734
5597007072,969018,3473840,14078559
6408558046,969420,3715550,14078595
5636308577,969483,3488813,14078641
4327709971,970050,3054784,14078683
4716637885,970065,3195076,14078686
1005316360,970092,1965166,14078688
1186702149,970188,2082548,14078689
1218718233,970209,2106602,14078759
998214267,970227,1960766,14078765
17016506,970245,1175165,14078762
4866475325,970248,3239478,14078642
1714331436,970256,2422033,14078847
369333523,970262,1636408,2344466
4506766033,970268,3114406,14078644
6154248541,970309,3645609,14078643
18803826,970319,1266453,14078970
5253048596,970321,3370095,14078763
324373279,970353,1589461,14078969
7420114599,970424,4002260,14078972
1056171,970498,204534,14079024
4605191048,971743,3153789,14078645
4026706938,971746,2861276,14078780
6426950562,971882,3719529,3714627
6083277641,972187,3624616,14078647
4769393134,972699,3211532,14078616
6154749676,972858,3645984,14078619
6136634593,974038,3638559,3517038
7833285868,974053,2661904,14078660
1000812161,974136,1962462,14078781
5961295406,975423,3589613,3307959
6405252593,975438,3714644,3751738
4769393140,975459,3211557,14078649
5625543741,975646,3484115,14078648
5983056932,979990,3596565,14078676
5715085702,979993,3515792,14078675
5129089828,980356,3330962,14078650
17998840,981264,1219238,14078692
6398021988,983933,3712284,3227129
6514145854,985917,3743953,14078793
6596870071,986148,3766906,13594508
6405252613,986252,3714625,3039282
4408660244,987025,3081198,14078699
7509009190,987452,4025659,13703757
5629590247,987483,3485523,14078705
5574346434,988207,3466981,3707464
7509009144,990320,4025634,10628
5800843339,990619,3540895,14078716
4549092104,990622,3131483,14078725
7015323793,991738,3889117,14078717
9713737,991780,803353,14078766
2397775,991783,725738,1135701
7702681285,991990,4078906,3776807
3916239210,992124,2821953,14078718
7658620702,992160,4065863,4111154
7729248824,992172,4085395,3787593
17834242,993237,1199509,14078815
18754946,993246,1255577,14078817
5972099597,994378,3593728,3740849
5831182981,995093,3550445,14078768
6015991775,995096,3605111,14078806
7548681008,996304,4036168,3697702
278641,996581,72955,14078746
6094829419,998998,3627593,14078849
6083368629,999001,3624460,14078848
6323043553,1000275,3693195,14078754
6478054129,1000278,3734497,14078795
5831184767,1000323,3550459,14078845
5302601305,1000327,3383778,14078924
13803588,1000471,1130192,14078870
4869606189,1001786,3240834,14078836
5031410749,1001933,3300096,14078837
7831309798,1005130,1615684,14078818
6331994180,1005205,3694187,14078929
6568027883,1007284,3758777,14078872
5257535859,1007290,3371314,14078931
5897919862,1007305,3571751,14079015
5629590261,1007308,3485482,14078939
5152256094,1007320,3337651,14078871
5740298112,1008451,3523586,3990829
5253048584,1008702,3369844,14078854
6662236104,1009852,3784917,3788990
6568027903,1010524,3135940,14078843
6126485310,1010557,3635370,14079108
6107930369,1011357,3630853,3732437
1059804129,1011737,1998435,683596
5779963042,1012458,3534893,14078932
7782982106,1012479,4100597,861146
259653,1013020,69196,676842
2302859,1013403,686169,638430
6665585662,1014689,3786221,3806304
7637691724,1014692,4059825,3786220
518753226,1015847,1697561,14078963
5240491838,1015890,3366478,14078850
6743602297,1016306,3808653,14078859
6913429673,1020569,3859285,14078964
6240616268,1021623,3670432,14078913
899565424,1022019,1905881,14078994
22176375,1022064,1429819,14078997
3949775025,1022067,2833968,14078996
7509009154,1022335,4025637,3787739
6699670085,1022419,3796330,14078934
1095627,1022878,237023,14078891
1063980,1022897,210805,14078894
12186670,1023655,964902,245862
6474368020,1023839,3733534,14079110
6377049370,1023935,3706335,14079111
6665585678,1024366,3786200,14078941
6665585676,1025230,3786203,14078935
5972735664,1025254,3594394,14079116
6361631729,1026517,3702346,14079115
6422301160,1026523,3718224,14079011
5995686685,1026528,3600052,14079057
6083368673,1026948,3624511,14078943
5309073377,1028090,3385612,14079028
5261621421,1028105,3372705,14078988
6844140891,1030189,3839093,4066848
6107957670,1031022,3630854,3875440
5995686750,1031279,3600043,14079118
7521102481,1031282,4029137,3733519
7191026879,1031332,3938670,3869922
6024145141,1032618,3607868,14079059
4608920729,1032810,3155336,14079119
6912602316,1033833,3858825,14079018
4716637901,1034459,3195489,14079121
6239535901,1034519,3670181,14079123
6924933954,1034980,3862689,14079126
6086169304,1034989,3625200,14079044
6855386310,1036472,3842830,14079029
1179594350,1036705,2078016,14079127
77587,1036725,26111,14079129
2327520,1036728,696320,14079130
4918993396,1037052,3260336,14079012
5629590251,1037211,3485540,14079136
5961295380,1037234,3589660,14079135
6151440234,1038759,3644335,14079058
6111869823,1041645,3631721,4029860
5393402485,1041675,3412552,14079045
5266050536,1041678,3374159,14079046
6884450060,1041684,3851272,14079048
6884437193,1041699,3851261,14079063
6960292541,1041702,3873790,14079139
6787036826,1042907,3820971,14079051
18826666,1043962,1271786,865819
17653012,1043965,1193621,13849818
6625251217,1043979,3774633,4016678
7012739162,1045243,3888323,14079148
5991273583,1049592,3598515,14079065
21965554,1050421,1395456,13537489
2000182,1050662,575278,14079640
7846942692,1050755,13531720,13945577
5752438259,1050790,3526682,14079175
4997183216,1051677,3289316,14079053
1197169527,1052043,2091628,14079641
335342643,1052046,1611127,13896526
1388569,1052070,361270,14079642
6474367894,1052556,3733476,14079072
5323108114,1052907,3390214,14079183
13805154,1052955,1130256,1099499
6947066529,1053343,3870162,14079186
888644250,1054844,1898473,14205103
1197169547,1055772,2091601,14079202
3263850838,1055784,2645784,14079201
6550994917,1055787,3755038,14079190
6855434034,1055793,3842886,14079191
6656013320,1055796,3783231,14079194
5629590277,1055802,3485546,14079196
6343656530,1057050,3697388,14079204
6442769902,1057459,11554,14079205
11744552,1059483,823961,14079211
7257410324,1063211,3958294,3589637
100531,1063246,32811,218663
19913383,1063305,1353799,2556409
1708388,1063586,471876,14079248
7877398783,1064772,14094242,13940931
6083368643,1067193,3624432,14079269
7187389475,1068706,3937339,14079292
4866475418,1068715,3240985,14079294
6380297775,1068772,3707467,14079296
1242563,1068802,303347,14079297
5776025553,1072539,3524306,14079303
6401461501,1072542,3713277,14079302
329218694,1073079,1308523,14079304
363134,1073640,83843,660051
705352205,1073658,1790460,1219521
6129758661,1074593,3636746,14079307
5824110109,1074605,3547541,14079306
6935398473,1074635,3866941,14079308
363244,1074656,83849,725281
1998907,1074900,574811,3836343
5676315864,1075004,3503098,14079310
6051499472,1076464,3614276,32640
6935686975,1076640,3867007,14079312
1298110866,1076986,2175169,2190168
7093214866,1077043,3911677,14079328
6447759504,1077288,3725229,14079329
1646267,1077337,450606,14079330
6794227278,1078599,3822855,14079337
7726240328,1078715,4084086,3642810
7666741589,1079338,4067601,3881849
5824103767,1079453,3547517,14079358
7078744260,1079879,3907597,151475
5853100751,1079909,3557766,14079360
7219670021,1079936,3947792,14079362
7177114632,1079948,3934722,3985042
7015792291,1079960,3889242,14079363
6071120549,1080483,3621054,14079365
1448271509,1080733,2304090,14079367
7173049150,1081661,3933820,3619862
7109324614,1082348,3915856,4099958
553151273,1085320,1716208,14079379
284456,1085364,74072,479515
18000325,1085715,1219526,1212663
1371518249,1085724,1979798,481381
3234251610,1085732,2632881,14079381
2487881,1085783,763440,1191871
724415705,1085788,1800898,788683
2352271,1087277,707079,1150327
5824110123,1087827,3547564,14079386
17553980,1087836,1170318,1170330
4562670461,1087868,3136934,14079387
7294673374,1088228,3968391,14079388
6939377327,1089113,3867867,14031681
7317388359,1089211,3973596,14079389
6646709284,1089223,3780918,14079601
5768345487,1089229,3531806,14079391
6274999873,1089232,3680032,14079392
6714906139,1089238,3799574,14079393
7219630854,1089952,3947768,3948862
7110942645,1089955,3916552,14079397
7219634310,1089967,3947772,14079398
7494928035,1089973,4021894,3947771
4479866105,1089976,3102439,14079603
7216530133,1089982,3946594,3741100
6985365937,1090003,3880743,13945005
6682491812,1092395,3790793,14079407
6366182697,1092470,3703321,14079604
5768345413,1095022,3531845,14079634
6129758655,1095916,3636793,14079415
2173629,1096475,638536,2492859
7741449791,1100682,4088491,3854465
5853100753,1101873,3557743,14079420
6355116082,1103149,3700050,14079729
6132964886,1106370,3637586,14079431
2450033,1106434,748863,1206248
2027334,1106480,584736,14079433
6019905412,1108548,3606421,14079438
6433494256,1112298,3721259,14079722
7877398787,1113042,14094239,1336574
278203,1113135,73287,14079474
7317388365,1115394,3973593,13955619
4937431898,1115420,3267193,13928360
353117,1117022,82845,3808054
12997860,1119704,622442,14079508
5760898702,1119711,3529332,14079510
7494872422,1126949,4021776,14079530
7494919785,1127031,4021840,4007569
7712478322,1127386,4081786,14079533
7377696056,1128836,3990776,4006605
5409896033,1129333,3416849,3390220
7849343371,1135391,13996705,14079565
7349737993,1137889,3982234,14079726
7349739559,1137901,3982228,3997930
5824110059,1137916,3547538,14079624
7015907732,1137946,3843302,14079587
6682491772,1137949,3790790,14079617
6921399575,1137952,3861832,14079625
6672895286,1137955,3788988,14079630
6474367926,1138638,3733489,14079566
7358934858,1140148,3985690,4049580
5824110075,1141114,3547527,14079643
7232014787,1141156,3950775,14079570
7073837399,1141191,3905523,14079762
7422102003,1142188,4002818,2348994
7036572825,1142385,3894963,14079760
6019905452,1142886,3606969,14079727
7307868749,1143329,3971988,14079596
7464807711,1143373,4014306,4084084
6921399553,1143903,3861822,14079663
18346978,1144789,234064,14079635
757565703,1144795,1816345,14079665
6474367830,1144981,3733484,14079790
6428777944,1144996,3719928,14079804
7494923723,1145020,4021829,4021925
6384358790,1148215,3708696,14080008
6829455266,1149692,3834037,14079699
7494919787,1159871,4021836,4021905
7494923717,1159877,4021817,4021880
6194608399,1160089,3657560,14079735
3950573543,1160139,2834618,14079827
5824103964,1160151,3547524,14080009
7721628946,1160199,4082495,4052869
7236266465,1161943,3952122,14079766
6019905674,1162709,3606425,14079728
6433494228,1162956,3721252,13971299
6364418621,1163517,3702904,14079807
6957814134,1163520,3873062,14079821
7464807693,1164203,4014282,4084079
1643325,1164493,449676,14079772
6943945629,1166179,3869105,14079801
270257,1166990,71402,535422
982759781,1167756,1757339,14079806
1123741202,1167765,2040452,14079808
1966104,1167779,563141,14079810
1302061,1167861,327576,14079809
449108,1167939,101004,14079811
3660352903,1167946,2798376,2293556
18821812,1167960,1271371,14079813
3413995670,1168035,2717993,14079773
11811560,1168043,851977,13802036
2261807,1168064,670324,534138
1058009,1168990,205990,14079951
18142521,1169003,1237422,14079950
5595691521,1171881,3473620,14079820
6523533413,1173885,3746415,14079920
7494923729,1174713,4021823,4021902
7494928037,1177106,4021868,4021871
7494923749,1177292,4021820,4021872
4464332476,1179319,3096858,2860299
7173054399,1182993,3933816,14079800
7494928069,1183002,4021912,4021854
7494927885,1183005,4021908,4021910
7448359486,1184202,4004643,4023963
7123190102,1186309,3919904,4033889
7494926202,1186315,4021863,4021866
7611640439,1186366,4052773,14080037
7611640435,1186396,4052748,14080042
7794097829,1186886,4104233,14079923
5968256875,1187091,3591994,14080103
5586056017,1187405,3470989,14079954
5345808123,1187579,3397984,14079955
6019905688,1188040,3606431,14080039
7702745994,1188280,4078964,14080059
1796258472,1188552,2454526,2409949
1057091,1188672,205262,212092
6019905678,1189741,3606461,14079857
2173598,1192487,638521,2334688
9714014,1192541,803403,580133
7862626696,1192544,14088824,3780581
6366182695,1192577,3703334,14079768
7834826698,1195356,776353,4082040
6542759873,1195555,3752037,4056036
7630400583,1195949,4057479,14080063
6559201982,1196214,3756750,14080045
7422102031,1196961,4002920,14080043
6139453000,1198966,3639431,14079858
1078000,1199373,222199,14079957
7794097827,1199597,4104219,14080052
7831958987,1200247,10271,14080152
1443730395,1200250,2300133,14204772
13817032,1206282,1130665,14204775
613722369,1206291,1741837,14205102
1095121,1206801,236591,229722
17890446,1206804,1206706,14080104
1129237,1207771,250901,976177
1088833,1209250,231421,231805
1694696,1209253,466820,14079814
13601348,1210598,1126157,13703086
7611640443,1217485,4052752,14079947
7494923753,1218371,4021811,14079869
7334881902,1218374,3977958,14080010
4476475224,1220685,3101237,3712818
5445361071,1224593,3429347,14080047
303984829,1227390,1555839,14080162
2380240,1227393,718278,14080165
374194913,1227399,1645547,14080167
4482037618,1227402,3103404,14080166
5775115490,1227405,3533343,14080168
6064135885,1228325,3618880,14079917
7794097819,1229450,4104221,3307972
6380297781,1229456,3707513,14080131
6474367932,1234728,3733491,14080066
1069063,1234737,214893,14080133
6474367950,1236759,3733506,14080176
5815888981,1241944,3545712,14080096
7630547664,1245197,2661975,14080135
7702853407,1245318,4078994,14080119
7333507261,1246422,3977718,14080120
7794097825,1246428,4104206,14080188
6957814492,1253684,3873089,14080124
6469753389,1263742,3732384,14205105
7325930507,1265095,3975350,14080150
6957814080,1265990,3873051,14204800
6024145119,1281758,2661866,14204813
